u,v,unweighted_hops,weighted_cost,path_length_sum,euclidean,tortuosity
0,1,inf,inf,inf,636.3411034971731,inf
0,2,inf,inf,inf,252.17850820401011,inf
0,3,inf,inf,inf,135.6244815658294,inf
0,4,inf,inf,inf,648.2013576042556,inf
0,5,inf,inf,inf,491.2321243567037,inf
0,6,inf,inf,inf,396.1868246168719,inf
0,7,inf,inf,inf,965.4263306954084,inf
0,8,inf,inf,inf,1191.7122135817858,inf
0,9,inf,inf,inf,156.97452022541748,inf
0,10,inf,inf,inf,1275.3297612774509,inf
0,11,inf,inf,inf,841.152185992523,inf
0,12,inf,inf,inf,650.0,inf
0,13,inf,inf,inf,218.24069281414958,inf
0,14,inf,inf,inf,567.8952368174961,inf
0,15,inf,inf,inf,659.8310389789192,inf
0,16,inf,inf,inf,622.5343364024188,inf
0,17,inf,inf,inf,975.8468117486474,inf
0,18,inf,inf,inf,394.2410430181008,inf
0,19,inf,inf,inf,1017.2610284484509,inf
0,20,inf,inf,inf,552.609265213677,inf
0,21,inf,inf,inf,842.4939168919857,inf
0,22,inf,inf,inf,1178.7217653034154,inf
0,23,inf,inf,inf,494.5806304335017,inf
0,24,inf,inf,inf,753.8653725964604,inf
0,25,inf,inf,inf,602.6508110008648,inf
0,26,inf,inf,inf,959.1037482983788,inf
0,27,inf,inf,inf,753.6637181130587,inf
0,28,inf,inf,inf,760.5313931719058,inf
0,29,inf,inf,inf,920.609580658381,inf
0,30,inf,inf,inf,1048.867007775533,inf
0,31,inf,inf,inf,1013.392816236626,inf
0,32,inf,inf,inf,41.593268686170845,inf
0,33,inf,inf,inf,876.3794840136321,inf
0,34,inf,inf,inf,222.10357943986403,inf
0,35,inf,inf,inf,1313.0308450299253,inf
0,36,inf,inf,inf,795.0628905941969,inf
0,37,inf,inf,inf,542.8554135310801,inf
0,38,inf,inf,inf,1390.758426183354,inf
0,39,inf,inf,inf,232.08619088605855,inf
0,40,inf,inf,inf,1331.072499903743,inf
0,41,inf,inf,inf,946.3382059285148,inf
0,42,inf,inf,inf,325.13535642867265,inf
0,43,inf,inf,inf,441.3524668561398,inf
0,44,inf,inf,inf,943.9115424657122,inf
0,45,inf,inf,inf,1401.3953760448906,inf
0,46,inf,inf,inf,623.1957958779889,inf
0,47,inf,inf,inf,985.2877752210264,inf
0,48,inf,inf,inf,364.9232796081938,inf
0,49,inf,inf,inf,691.0115773270372,inf
0,50,inf,inf,inf,1198.4431567663107,inf
0,51,inf,inf,inf,450.45865515050326,inf
0,52,inf,inf,inf,512.9873292782191,inf
0,53,inf,inf,inf,212.8966885604377,inf
0,54,inf,inf,inf,761.3179362132486,inf
0,55,inf,inf,inf,1035.5872730002045,inf
0,56,inf,inf,inf,1395.3153765367886,inf
0,57,inf,inf,inf,1135.8987630946694,inf
0,58,inf,inf,inf,366.1365865356807,inf
0,59,inf,inf,inf,413.1174167231394,inf
0,60,inf,inf,inf,533.8773267333986,inf
0,61,inf,inf,inf,256.9065978132909,inf
0,62,inf,inf,inf,547.6906060907015,inf
0,63,inf,inf,inf,1310.3881104466723,inf
0,64,inf,inf,inf,332.52518701596125,inf
0,65,inf,inf,inf,1374.4166035085577,inf
0,66,inf,inf,inf,959.0020855034675,inf
0,67,inf,inf,inf,1378.6924965343069,inf
1,2,inf,inf,inf,413.38601814768725,inf
1,3,inf,inf,inf,580.1689409129034,inf
1,4,inf,inf,inf,725.4660570970912,inf
1,5,inf,inf,inf,564.6388226114105,inf
1,6,inf,inf,inf,780.293534511212,inf
1,7,inf,inf,inf,1041.4192239439408,inf
1,8,inf,inf,inf,1303.3878931461654,inf
1,9,inf,inf,inf,479.85101854638174,inf
1,10,inf,inf,inf,831.5816255786319,inf
1,11,inf,inf,inf,621.1674492437606,inf
1,12,inf,inf,inf,1062.7558515482283,inf
1,13,inf,inf,inf,835.8115816378713,inf
1,14,inf,inf,inf,981.0917388297589,inf
1,15,inf,inf,inf,902.4860109719153,inf
1,16,inf,inf,inf,15.652475842498529,inf
1,17,inf,inf,inf,370.95147930693037,inf
1,18,inf,inf,inf,269.05018119302576,inf
1,19,inf,inf,inf,425.19877704433725,inf
1,20,inf,inf,inf,836.4024151088996,inf
1,21,inf,inf,inf,1021.1767721604326,inf
1,22,inf,inf,inf,1382.2000578787429,inf
1,23,inf,inf,inf,913.892772703669,inf
1,24,inf,inf,inf,484.7690171617819,inf
1,25,inf,inf,inf,1115.2371945016898,inf
1,26,inf,inf,inf,681.0888341472058,inf
1,27,inf,inf,inf,1193.236355463577,inf
1,28,inf,inf,inf,696.9146289180619,inf
1,29,inf,inf,inf,679.0110455655342,inf
1,30,inf,inf,inf,1234.7258805095162,inf
1,31,inf,inf,inf,420.267771783657,inf
1,32,inf,inf,inf,643.791891840834,inf
1,33,inf,inf,inf,1009.7549207604784,inf
1,34,inf,inf,inf,503.491807281906,inf
1,35,inf,inf,inf,909.7098438513239,inf
1,36,inf,inf,inf,158.83639381451596,inf
1,37,inf,inf,inf,1004.196195969692,inf
1,38,inf,inf,inf,1286.0890326878618,inf
1,39,inf,inf,inf,649.2780606180992,inf
1,40,inf,inf,inf,949.1406639692559,inf
1,41,inf,inf,inf,854.5513442737072,inf
1,42,inf,inf,inf,561.0891194810322,inf
1,43,inf,inf,inf,757.0587823940754,inf
1,44,inf,inf,inf,447.16104481495256,inf
1,45,inf,inf,inf,1214.09925459165,inf
1,46,inf,inf,inf,990.584171082902,inf
1,47,inf,inf,inf,482.6282213049709,inf
1,48,inf,inf,inf,802.1178217693458,inf
1,49,inf,inf,inf,1182.9137753868622,inf
1,50,inf,inf,inf,695.045322263232,inf
1,51,inf,inf,inf,685.4524053499265,inf
1,52,inf,inf,inf,203.69094236121546,inf
1,53,inf,inf,inf,508.17811837976654,inf
1,54,inf,inf,inf,1213.9015610831052,inf
1,55,inf,inf,inf,1351.1524710409258,inf
1,56,inf,inf,inf,1181.264153354363,inf
1,57,inf,inf,inf,659.5907822278901,inf
1,58,inf,inf,inf,894.5490484037194,inf
1,59,inf,inf,inf,996.8951800465283,inf
1,60,inf,inf,inf,137.05838172107534,inf
1,61,inf,inf,inf,419.2433660775087,inf
1,62,inf,inf,inf,590.1906471641176,inf
1,63,inf,inf,inf,1368.8349060423614,inf
1,64,inf,inf,inf,817.6827012967806,inf
1,65,inf,inf,inf,1067.447890999837,inf
1,66,inf,inf,inf,1138.5820128563423,inf
1,67,inf,inf,inf,1090.2224543642458,inf
2,3,inf,inf,inf,167.29614460590537,inf
2,4,inf,inf,inf,698.5363269007561,inf
2,5,inf,inf,inf,513.3546532369215,inf
2,6,inf,inf,inf,558.7933428379404,inf
2,7,inf,inf,inf,1039.7855548140683,inf
2,8,inf,inf,inf,1288.9701315391292,inf
2,9,inf,inf,inf,113.86395390991831,inf
2,10,inf,inf,inf,1154.7536533824,inf
2,11,inf,inf,inf,787.8102563434929,inf
2,12,inf,inf,inf,843.370618411621,inf
2,13,inf,inf,inf,469.8435909959824,inf
2,14,inf,inf,inf,757.5176565598982,inf
2,15,inf,inf,inf,783.53366232728,inf
2,16,inf,inf,inf,401.69764749124437,inf
2,17,inf,inf,inf,776.1552679715574,inf
2,18,inf,inf,inf,238.73835050112916,inf
2,19,inf,inf,inf,824.9181777606794,inf
2,20,inf,inf,inf,685.0437942204863,inf
2,21,inf,inf,inf,951.614417713393,inf
2,22,inf,inf,inf,1310.5025753503883,inf
2,23,inf,inf,inf,682.3547464479162,inf
2,24,inf,inf,inf,671.8965694212168,inf
2,25,inf,inf,inf,831.140180715624,inf
2,26,inf,inf,inf,891.8307014226411,inf
2,27,inf,inf,inf,960.6378089581942,inf
2,28,inf,inf,inf,763.0163825239928,inf
2,29,inf,inf,inf,865.0780311625073,inf
2,30,inf,inf,inf,1169.9452978665286,inf
2,31,inf,inf,inf,820.4468294776938,inf
2,32,inf,inf,inf,275.60116110060204,inf
2,33,inf,inf,inf,969.0536620848197,inf
2,34,inf,inf,inf,98.18350166906862,inf
2,35,inf,inf,inf,1210.2776540942991,inf
2,36,inf,inf,inf,567.9656679765072,inf
2,37,inf,inf,inf,750.6010924585709,inf
2,38,inf,inf,inf,1409.9578007869598,inf
2,39,inf,inf,inf,383.6899790195204,inf
2,40,inf,inf,inf,1237.6186811776881,inf
2,41,inf,inf,inf,952.2951223229068,inf
2,42,inf,inf,inf,389.08225351460067,inf
2,43,inf,inf,inf,576.0225690022918,inf
2,44,inf,inf,inf,790.3954706347956,inf
2,45,inf,inf,inf,1388.3058020479493,inf
2,46,inf,inf,inf,797.0476773694281,inf
2,47,inf,inf,inf,831.2171798032089,inf
2,48,inf,inf,inf,550.0227268031749,inf
2,49,inf,inf,inf,914.6239664474139,inf
2,50,inf,inf,inf,1050.5503319689162,inf
2,51,inf,inf,inf,546.1584019311614,inf
2,52,inf,inf,inf,351.63901945034485,inf
2,53,inf,inf,inf,100.04498987955368,inf
2,54,inf,inf,inf,973.1068800496686,inf
2,55,inf,inf,inf,1205.1891967653876,inf
2,56,inf,inf,inf,1371.4302752965607,inf
2,57,inf,inf,inf,997.8877692406095,inf
2,58,inf,inf,inf,592.3394297191434,inf
2,59,inf,inf,inf,659.6969000988257,inf
2,60,inf,inf,inf,293.7158490786631,inf
2,61,inf,inf,inf,16.278820596099706,inf
2,62,inf,inf,inf,566.8447759307658,inf
2,63,inf,inf,inf,1390.6635107027148,inf
2,64,inf,inf,inf,537.5211623740967,inf
2,65,inf,inf,inf,1312.686177271628,inf
2,66,inf,inf,inf,1074.1531548154574,inf
2,67,inf,inf,inf,1324.5486023547796,inf
3,4,inf,inf,inf,740.4437858473796,inf
3,5,inf,inf,inf,568.1381874157026,inf
3,6,inf,inf,inf,522.396401212719,inf
3,7,inf,inf,inf,1070.043924332081,inf
3,8,inf,inf,inf,1305.2049647469166,inf
3,9,inf,inf,inf,138.49548729110273,inf
3,10,inf,inf,inf,1292.3544405464006,inf
3,11,inf,inf,inf,890.4970522129762,inf
3,12,inf,inf,inf,784.3175377358331,inf
3,13,inf,inf,inf,340.77118422777477,inf
3,14,inf,inf,inf,701.4392347167358,inf
3,15,inf,inf,inf,778.2525297099908,inf
3,16,inf,inf,inf,568.1663488803257,inf
3,17,inf,inf,inf,939.82817578534,inf
3,18,inf,inf,inf,378.2591704109763,inf
3,19,inf,inf,inf,986.9275555986873,inf
3,20,inf,inf,inf,672.4618948312238,inf
3,21,inf,inf,inf,957.9279722400845,inf
3,22,inf,inf,inf,1302.2384574262887,inf
3,23,inf,inf,inf,627.4679274672133,inf
3,24,inf,inf,inf,787.7620199019499,inf
3,25,inf,inf,inf,737.1526300570324,inf
3,26,inf,inf,inf,1002.7611879206335,inf
3,27,inf,inf,inf,889.2091992326665,inf
3,28,inf,inf,inf,834.5597641870833,inf
3,29,inf,inf,inf,969.7277968584792,inf
3,30,inf,inf,inf,1168.999572283925,inf
3,31,inf,inf,inf,982.5991044164451,inf
3,32,inf,inf,inf,174.9514218290323,inf
3,33,inf,inf,inf,986.7061365979234,inf
3,34,inf,inf,inf,97.75479527879949,inf
3,35,inf,inf,inf,1340.2387846947274,inf
3,36,inf,inf,inf,735.2421369861768,inf
3,37,inf,inf,inf,678.2639604165918,inf
3,38,inf,inf,inf,1476.473162641299,inf
3,39,inf,inf,inf,349.665554494577,inf
3,40,inf,inf,inf,1363.4104297679405,inf
3,41,inf,inf,inf,1023.8994091218141,inf
3,42,inf,inf,inf,412.68510998096355,inf
3,43,inf,inf,inf,560.1160594019779,inf
3,44,inf,inf,inf,939.496141556739,inf
3,45,inf,inf,inf,1473.3570510911468,inf
3,46,inf,inf,inf,754.2446552677718,inf
3,47,inf,inf,inf,980.7762232028263,inf
3,48,inf,inf,inf,496.1783953378059,inf
3,49,inf,inf,inf,826.0490300218263,inf
3,50,inf,inf,inf,1198.8077410494145,inf
3,51,inf,inf,inf,555.9361474126323,inf
3,52,inf,inf,inf,498.23087017967885,inf
3,53,inf,inf,inf,89.04493247793498,inf
3,54,inf,inf,inf,896.9420271121205,inf
3,55,inf,inf,inf,1167.2039239138978,inf
3,56,inf,inf,inf,1462.390166815956,inf
3,57,inf,inf,inf,1142.0437819978706,inf
3,58,inf,inf,inf,501.5276662358718,inf
3,59,inf,inf,inf,540.8918561043419,inf
3,60,inf,inf,inf,460.4877848542782,inf
3,61,inf,inf,inf,163.9176622576103,inf
3,62,inf,inf,inf,624.9327963869395,inf
3,63,inf,inf,inf,1418.7335902134691,inf
3,64,inf,inf,inf,466.97430336154474,inf
3,65,inf,inf,inf,1423.3513269744753,inf
3,66,inf,inf,inf,1076.9870008500566,inf
3,67,inf,inf,inf,1431.3926784778523,inf
4,5,inf,inf,inf,187.0721785835617,inf
4,6,inf,inf,inf,343.20984834354624,inf
4,7,inf,inf,inf,342.5857556875358,inf
4,8,inf,inf,inf,598.9232004188851,inf
4,9,inf,inf,inf,619.8386886924694,inf
4,10,inf,inf,inf,826.1434500133739,inf
4,11,inf,inf,inf,336.4312708414603,inf
4,12,inf,inf,inf,472.0857972868915,inf
4,13,inf,inf,inf,660.4256203388842,inf
4,14,inf,inf,inf,424.85291572496004,inf
4,15,inf,inf,inf,221.50395030337495,inf
4,16,inf,inf,inf,711.7654107920671,inf
4,17,inf,inf,inf,836.5512536599297,inf
4,18,inf,inf,inf,533.5663032838562,inf
4,19,inf,inf,inf,838.9547067631244,inf
4,20,inf,inf,inf,232.1551205552012,inf
4,21,inf,inf,inf,296.08275870100914,inf
4,22,inf,inf,inf,657.5256648983369,inf
4,23,inf,inf,inf,402.76668183949874,inf
4,24,inf,inf,inf,366.44508456247576,inf
4,25,inf,inf,inf,622.531123719931,inf
4,26,inf,inf,inf,448.13502429513363,inf
4,27,inf,inf,inf,592.1976021565774,inf
4,28,inf,inf,inf,163.4900608599801,inf
4,29,inf,inf,inf,394.1941146186736,inf
4,30,inf,inf,inf,510.08332652616673,inf
4,31,inf,inf,inf,838.3531475458299,inf
4,32,inf,inf,inf,612.4255056739554,inf
4,33,inf,inf,inf,287.544779121444,inf
4,34,inf,inf,inf,764.4377018436493,inf
4,35,inf,inf,inf,817.7927610342366,inf
4,36,inf,inf,inf,828.9330491662158,inf
4,37,inf,inf,inf,491.907511632014,inf
4,38,inf,inf,inf,742.9939434477242,inf
4,39,inf,inf,inf,426.7095030579938,inf
4,40,inf,inf,inf,814.2806641447407,inf
4,41,3.0,797.8255,797.8254685319173,313.1980204279714,2.547351568320016
4,42,inf,inf,inf,327.9054741842533,inf
4,43,inf,inf,inf,269.1189328159578,inf
4,44,inf,inf,inf,663.0897375167256,inf
4,45,inf,inf,inf,767.5063517652476,inf
4,46,inf,inf,inf,382.4604554721965,inf
4,47,inf,inf,inf,692.2665671545897,inf
4,48,inf,inf,inf,403.35840142483704,inf
4,49,inf,inf,inf,642.4780151880685,inf
4,50,inf,inf,inf,834.4177610765485,inf
4,51,inf,inf,inf,209.3895890439637,inf
4,52,inf,inf,inf,527.3111036191065,inf
4,53,inf,inf,inf,759.0520403766793,inf
4,54,inf,inf,inf,621.2889826803627,inf
4,55,inf,inf,inf,643.5666243676718,inf
4,56,inf,inf,inf,770.4401339494199,inf
4,57,inf,inf,inf,756.8599606267992,inf
4,58,inf,inf,inf,533.1350673140906,inf
4,59,inf,inf,inf,665.2646090090769,inf
4,60,inf,inf,inf,747.000669343743,inf
4,61,inf,inf,inf,714.7041345899714,inf
4,62,inf,inf,inf,141.088624630053,inf
4,63,inf,inf,inf,692.7236101072347,inf
4,64,inf,inf,inf,461.1117001334926,inf
4,65,inf,inf,inf,797.2151528916144,inf
4,66,inf,inf,inf,413.40053217188773,inf
4,67,inf,inf,inf,790.0025316415132,inf
5,6,inf,inf,inf,295.14911485552517,inf
5,7,inf,inf,inf,529.6461082647545,inf
5,8,inf,inf,inf,785.1681348602986,inf
5,9,inf,inf,inf,440.82195952561165,inf
5,10,inf,inf,inf,850.6732627748447,inf
5,11,inf,inf,inf,371.59386431963594,inf
5,12,inf,inf,inf,528.629359759747,inf
5,13,inf,inf,inf,551.0226855584078,inf
5,14,inf,inf,inf,457.61992963593707,inf
5,15,inf,inf,inf,338.02366781040644,inf
5,16,inf,inf,inf,549.9618168564068,inf
5,17,inf,inf,inf,739.114334863017,inf
5,18,inf,inf,inf,350.2356349659469,inf
5,19,inf,inf,inf,754.0537116147628,inf
5,20,inf,inf,inf,282.65172916506276,inf
5,21,inf,inf,inf,467.42806933259794,inf
5,22,inf,inf,inf,833.1194392162507,inf
5,23,inf,inf,inf,406.7640593759483,inf
5,24,inf,inf,inf,328.89207956410263,inf
5,25,inf,inf,inf,633.3285087535536,inf
5,26,inf,inf,inf,494.0374479733292,inf
5,27,inf,inf,inf,659.4376392048,inf
5,28,inf,inf,inf,269.386339668514,inf
5,29,inf,inf,inf,448.0011160700384,inf
5,30,inf,inf,inf,686.7000800931947,inf
5,31,inf,inf,inf,752.3509819226662,inf
5,32,inf,inf,inf,460.17931287705665,inf
5,33,inf,inf,inf,469.9212700016887,inf
5,34,inf,inf,inf,583.3840930296266,inf
5,35,inf,inf,inf,865.9405291358062,inf
5,36,inf,inf,inf,685.5669186884677,inf
5,37,inf,inf,inf,504.38576506479643,inf
5,38,inf,inf,inf,908.4426233945653,inf
5,39,inf,inf,inf,295.67718883945037,inf
5,40,inf,inf,inf,874.2728407082082,inf
5,41,inf,inf,inf,456.8205336891064,inf
5,42,inf,inf,inf,167.72000476985446,inf
5,43,inf,inf,inf,237.43841306747314,inf
5,44,inf,inf,inf,604.7048867009428,inf
5,45,inf,inf,inf,910.4119946485766,inf
5,46,inf,inf,inf,446.031389029965,inf
5,47,inf,inf,inf,640.8002808988149,inf
5,48,inf,inf,inf,345.8005205317077,inf
5,49,inf,inf,inf,678.122407829147,inf
5,50,inf,inf,inf,819.7469121625284,inf
5,51,inf,inf,inf,150.0133327407934,inf
5,52,inf,inf,inf,361.33225707096784,inf
5,53,inf,inf,inf,578.5533683248244,inf
5,54,inf,inf,inf,684.5056610430626,inf
5,55,inf,inf,inf,786.5176412516123,inf
5,56,inf,inf,inf,904.20019907098,inf
5,57,inf,inf,inf,745.7888441107175,inf
5,58,inf,inf,inf,476.68123520860354,inf
5,59,inf,inf,inf,609.5088186400587,inf
5,60,inf,inf,inf,569.6964103801251,inf
5,61,inf,inf,inf,529.5904077681166,inf
5,62,inf,inf,inf,56.938563381947034,inf
5,63,inf,inf,inf,879.5009948828938,inf
5,64,inf,inf,inf,392.84093473058533,inf
5,65,inf,inf,inf,894.0894809805112,inf
5,66,inf,inf,inf,589.1960624444125,inf
5,67,inf,inf,inf,894.7871255220429,inf
6,7,inf,inf,inf,598.5348778475653,inf
6,8,inf,inf,inf,804.7074002393665,inf
6,9,inf,inf,inf,449.0044543208898,inf
6,10,inf,inf,inf,1137.2185366058716,inf
6,11,inf,inf,inf,647.5376436933994,inf
6,12,inf,inf,inf,290.76450952617995,inf
6,13,inf,inf,inf,332.2845166419886,inf
6,14,inf,inf,inf,205.36065835500236,inf
6,15,inf,inf,inf,271.15493725912495,inf
6,16,inf,inf,inf,764.6574396420923,inf
6,17,inf,inf,inf,1017.1514144904877,inf
6,18,inf,inf,inf,517.9826251912317,inf
6,19,inf,inf,inf,1038.094408038113,inf
6,20,inf,inf,inf,164.45364088398895,inf
6,21,inf,inf,inf,455.80697669079177,inf
6,22,inf,inf,inf,782.6090978259837,inf
6,23,inf,inf,inf,134.08206442324789,inf
6,24,inf,inf,inf,623.0770417853638,inf
6,25,inf,inf,inf,345.80919594481577,inf
6,26,inf,inf,inf,768.3566880036901,inf
6,27,inf,inf,inf,417.163037672323,inf
6,28,inf,inf,inf,499.60384305967864,inf
6,29,inf,inf,inf,717.5026132356593,inf
6,30,inf,inf,inf,654.6464694779924,inf
6,31,inf,inf,inf,1035.9309822570228,inf
6,32,inf,inf,inf,354.6632205346362,inf
6,33,inf,inf,inf,499.06412413636787,inf
6,34,inf,inf,inf,584.2003081135784,inf
6,35,inf,inf,inf,1143.1019202153411,inf
6,36,inf,inf,inf,923.6260065632626,inf
6,37,inf,inf,inf,225.01555501786981,inf
6,38,inf,inf,inf,1057.9324175012316,inf
6,39,inf,inf,inf,177.05366418123066,inf
6,40,inf,inf,inf,1145.3602053502646,inf
6,41,inf,inf,inf,654.198746559484,inf
6,42,inf,inf,inf,219.23731434224422,inf
6,43,inf,inf,inf,74.10802925459562,inf
6,44,inf,inf,inf,898.0673694105582,inf
6,45,inf,inf,inf,1102.8930138503915,inf
6,46,inf,inf,inf,238.29603437741048,inf
6,47,inf,inf,inf,934.9074820537056,inf
6,48,inf,inf,inf,60.207972893961475,inf
6,49,inf,inf,inf,404.2486858358355,inf
6,50,inf,inf,inf,1114.3006775552099,inf
6,51,inf,inf,inf,151.48927354766738,inf
6,52,inf,inf,inf,585.4912467321778,inf
6,53,inf,inf,inf,576.1327971917585,inf
6,54,inf,inf,inf,435.54219083804037,inf
6,55,inf,inf,inf,649.0308159093835,inf
6,56,inf,inf,inf,1109.8833272015577,inf
6,57,inf,inf,inf,1039.7740139087916,inf
6,58,inf,inf,inf,191.5097908724251,inf
6,59,inf,inf,inf,325.3459696999488,inf
6,60,inf,inf,inf,739.2489431849058,inf
6,61,inf,inf,inf,572.0707998141489,inf
6,62,inf,inf,inf,326.08741159388535,inf
6,63,inf,inf,inf,930.7013484464284,inf
6,64,inf,inf,inf,118.69709347747316,inf
6,65,inf,inf,inf,1139.4494284521802,inf
6,66,inf,inf,inf,567.3667244384359,inf
6,67,inf,inf,inf,1133.044129767239,inf
7,8,inf,inf,inf,262.1945842308723,inf
7,9,inf,inf,inf,956.4439345826811,inf
7,10,inf,inf,inf,883.5892710982858,inf
7,11,inf,inf,inf,495.8154898750139,inf
7,12,inf,inf,inf,552.4382318413526,inf
7,13,inf,inf,inf,930.026343712908,inf
7,14,inf,inf,inf,559.5221175253039,inf
7,15,inf,inf,inf,336.3108680967655,inf
7,16,inf,inf,inf,1029.0213797584577,inf
7,17,inf,inf,inf,1075.1730093338467,inf
7,18,inf,inf,inf,872.9318415546543,inf
7,19,inf,inf,inf,1061.2238218208258,inf
7,20,inf,inf,inf,435.83597832212064,inf
7,21,inf,inf,inf,176.0113632695344,inf
7,22,inf,inf,inf,370.0499966220781,inf
7,23,inf,inf,inf,584.3919917315774,inf
7,24,inf,inf,inf,600.3340736623235,inf
7,25,inf,inf,inf,741.6872656315463,inf
7,26,inf,inf,inf,546.6186970823446,inf
7,27,inf,inf,inf,619.3294761272065,inf
7,28,inf,inf,inf,350.2798880895105,inf
7,29,inf,inf,inf,500.08999190145767,inf
7,30,inf,inf,inf,237.59208741033444,inf
7,31,inf,inf,inf,1062.1059269206626,inf
7,32,inf,inf,inf,926.5387201838896,inf
7,33,1.0,115.0416,115.0416305603426,109.32977636490436,1.0522442685364513
7,34,inf,inf,inf,1101.9373847909872,inf
7,35,inf,inf,inf,833.0918316728355,inf
7,36,inf,inf,inf,1123.1834222423336,inf
7,37,inf,inf,inf,636.6568934677454,inf
7,38,inf,inf,inf,479.06680118747533,inf
7,39,inf,inf,inf,734.3296262578543,inf
7,40,inf,inf,inf,807.0898339094601,inf
7,41,inf,inf,inf,273.38617375427015,inf
7,42,inf,inf,inf,659.9098423269652,inf
7,43,inf,inf,inf,534.3032846614365,inf
7,44,inf,inf,inf,866.5846756087948,inf
7,45,inf,inf,inf,571.2136202857912,inf
7,46,inf,inf,inf,484.6823702178572,inf
7,47,inf,inf,inf,883.3074210035825,inf
7,48,inf,inf,inf,653.0,inf
7,49,inf,inf,inf,717.0613641802213,inf
7,50,inf,inf,inf,956.1851285185312,inf
7,51,inf,inf,inf,515.5201256983087,inf
7,52,inf,inf,inf,853.0345831207549,inf
7,53,inf,inf,inf,1096.0716217474112,inf
7,54,inf,inf,inf,649.7053178172393,inf
7,55,inf,inf,inf,475.04210339716207,inf
7,56,inf,inf,inf,599.4005338669627,inf
7,57,inf,inf,inf,881.8265135501427,inf
7,58,inf,inf,inf,758.023746329889,inf
7,59,inf,inf,inf,871.7442285441298,inf
7,60,inf,inf,inf,1079.3298846969817,inf
7,61,inf,inf,inf,1055.8754661417227,inf
7,62,inf,inf,inf,481.23694787495276,inf
7,63,inf,inf,inf,350.96011169362254,inf
7,64,inf,inf,inf,710.3104954877127,inf
7,65,inf,inf,inf,714.207952910075,inf
7,66,inf,inf,inf,176.69465187152667,inf
7,67,inf,inf,inf,689.6673111000695,inf
8,9,inf,inf,inf,1199.6470314221597,inf
8,10,inf,inf,inf,1062.1205204683695,inf
8,11,inf,inf,inf,739.7600962474254,inf
8,12,inf,inf,inf,672.6797157637503,inf
8,13,inf,inf,inf,1124.9822220817537,inf
8,14,inf,inf,inf,709.8373053031237,inf
8,15,inf,inf,inf,533.9222789882438,inf
8,16,inf,inf,inf,1291.0712606204197,inf
8,17,inf,inf,inf,1320.842534142507,inf
8,18,inf,inf,inf,1132.0777358467924,inf
8,19,inf,inf,inf,1302.0145928521692,inf
8,20,inf,inf,inf,641.4865548084387,inf
8,21,inf,inf,inf,349.5969107414995,inf
8,22,inf,inf,inf,190.90573590125572,inf
8,23,inf,inf,inf,755.8438992278762,inf
8,24,inf,inf,inf,854.258157701757,inf
8,25,inf,inf,inf,857.1032609901796,inf
8,26,inf,inf,inf,768.7197148506079,inf
8,27,inf,inf,inf,691.7579056288406,inf
8,28,inf,inf,inf,609.6310359553555,inf
8,29,inf,inf,inf,729.3202314484358,inf
8,30,inf,inf,inf,179.97777640586628,inf
8,31,inf,inf,inf,1303.359121654504,inf
8,32,inf,inf,inf,1151.267127994194,inf
8,33,inf,inf,inf,320.2264823527249,inf
8,34,inf,inf,inf,1345.2033303556752,inf
8,35,inf,inf,inf,992.4716620639604,inf
8,36,inf,inf,inf,1382.2217622364365,inf
8,37,inf,inf,inf,780.7752557554575,inf
8,38,inf,inf,inf,449.20485304591267,inf
8,39,inf,inf,inf,959.8927023370893,inf
8,40,inf,inf,inf,955.5647544776858,inf
8,41,inf,inf,inf,497.0010060351991,inf
8,42,inf,inf,inf,902.8050730916392,inf
8,43,inf,inf,inf,750.8142246921005,inf
8,44,inf,inf,inf,1105.4994346448125,inf
8,45,inf,inf,inf,604.358337412499,inf
8,46,inf,inf,inf,632.32981900271,inf
8,47,inf,inf,inf,1117.7879942099933,inf
8,48,inf,inf,inf,851.815120786195,inf
8,49,inf,inf,inf,806.4645063485435,inf
8,50,inf,inf,inf,1161.524859828665,inf
8,51,inf,inf,inf,750.4165509901817,inf
8,52,inf,inf,inf,1115.100892296298,inf
8,53,inf,inf,inf,1338.780415154031,inf
8,54,inf,inf,inf,717.6384883769822,inf
8,55,inf,inf,inf,417.92941987852447,inf
8,56,inf,inf,inf,652.4024831344528,inf
8,57,inf,inf,inf,1091.6776080876625,inf
8,58,inf,inf,inf,935.334164884401,inf
8,59,inf,inf,inf,1030.2329833586186,inf
8,60,inf,inf,inf,1340.8851554104103,inf
8,61,inf,inf,inf,1304.846734294875,inf
8,62,inf,inf,inf,739.4491192773171,inf
8,63,inf,inf,inf,144.5856147754679,inf
8,64,inf,inf,inf,904.6131769988762,inf
8,65,inf,inf,inf,822.6572797951769,inf
8,66,inf,inf,inf,241.4477169078225,inf
8,67,inf,inf,inf,788.431988189216,inf
9,10,inf,inf,inf,1156.1820790861618,inf
9,11,inf,inf,inf,752.7084428914027,inf
9,12,inf,inf,inf,731.0410385197264,inf
9,13,inf,inf,inf,367.40440933663274,inf
9,14,inf,inf,inf,645.3681120105022,inf
9,15,inf,inf,inf,683.941517967728,inf
9,16,inf,inf,inf,466.2295571925915,inf
9,17,inf,inf,inf,825.0490894486219,inf
9,18,inf,inf,inf,248.8714527622644,inf
9,19,inf,inf,inf,868.7329854448949,inf
9,20,inf,inf,inf,582.4087911424415,inf
9,21,inf,inf,inf,857.161011712502,inf
9,22,inf,inf,inf,1211.5131035197267,inf
9,23,inf,inf,inf,570.1377026648913,inf
9,24,inf,inf,inf,649.2842212775543,inf
9,25,inf,inf,inf,717.6384883769822,inf
9,26,inf,inf,inf,864.4009486343707,inf
9,27,inf,inf,inf,847.2602905837143,inf
9,28,inf,inf,inf,703.2304032107827,inf
9,29,inf,inf,inf,831.8178887232469,inf
9,30,inf,inf,inf,1073.3149584348482,inf
9,31,inf,inf,inf,864.6687226909506,inf
9,32,inf,inf,inf,170.8010538609174,inf
9,33,inf,inf,inf,879.4964468376209,inf
9,34,inf,inf,inf,145.6605643267937,inf
9,35,inf,inf,inf,1202.5094594222533,inf
9,36,inf,inf,inf,638.4371543072975,inf
9,37,inf,inf,inf,636.9623222766006,inf
9,38,inf,inf,inf,1348.21363292321,inf
9,39,inf,inf,inf,272.5233934912744,inf
9,40,inf,inf,inf,1225.2122265142475,inf
9,41,inf,inf,inf,893.1388469885295,inf
9,42,inf,inf,inf,297.1363323459452,inf
9,43,inf,inf,inf,471.51352048483193,inf
9,44,inf,inf,inf,808.8015825899453,inf
9,45,inf,inf,inf,1339.5051325022985,inf
9,46,inf,inf,inf,687.1884748742517,inf
9,47,inf,inf,inf,850.2123264220533,inf
9,48,inf,inf,inf,437.41284846241086,inf
9,49,inf,inf,inf,800.8158340092933,inf
9,50,inf,inf,inf,1066.9287698811013,inf
9,51,inf,inf,inf,450.49750276777337,inf
9,52,inf,inf,inf,369.68770604389863,inf
9,53,inf,inf,inf,139.62807740565648,inf
9,54,inf,inf,inf,859.4556416709358,inf
9,55,inf,inf,inf,1097.3431550795767,inf
9,56,inf,inf,inf,1327.1450561261192,inf
9,57,inf,inf,inf,1008.3099721811741,inf
9,58,inf,inf,inf,479.0375768141785,inf
9,59,inf,inf,inf,550.9891106002005,inf
9,60,inf,inf,inf,377.76447689003265,inf
9,61,inf,inf,inf,125.03599481749245,inf
9,62,inf,inf,inf,496.9124671408436,inf
9,63,inf,inf,inf,1307.0462883922664,inf
9,64,inf,inf,inf,423.70744624091753,inf
9,65,inf,inf,inf,1285.1552435406393,inf
9,66,inf,inf,inf,978.719571685373,inf
9,67,inf,inf,inf,1293.5408768183556,inf
10,11,inf,inf,inf,492.54948989923844,inf
10,12,inf,inf,inf,1295.1857009711002,inf
10,13,inf,inf,inf,1391.1523999907415,inf
10,14,inf,inf,inf,1250.948839881152,inf
10,15,inf,inf,inf,1034.2557710740607,inf
10,16,inf,inf,inf,832.3514882548118,inf
10,17,inf,inf,inf,543.8023538014523,inf
10,18,inf,inf,inf,917.8779875342909,inf
10,19,inf,inf,inf,486.7381226080406,inf
10,20,inf,inf,inf,1057.6601533574005,inf
10,21,inf,inf,inf,1003.5746110778211,inf
10,22,inf,inf,inf,1231.3671264086922,inf
10,23,inf,inf,inf,1223.8986886176485,inf
10,24,inf,inf,inf,529.3892707639625,inf
10,25,inf,inf,inf,1447.7465247756597,inf
10,26,inf,inf,inf,378.4309712483903,inf
10,27,inf,inf,inf,1408.1196682100567,inf
10,28,inf,inf,inf,665.1992182797571,inf
10,29,inf,inf,inf,432.89721643826726,inf
10,30,inf,inf,inf,1117.6206869953687,inf
10,31,inf,inf,inf,491.6228229039006,inf
10,32,inf,inf,inf,1257.7328810204494,inf
10,33,inf,inf,inf,944.0005296608683,inf
10,34,inf,inf,inf,1252.4951097708924,inf
10,35,inf,inf,inf,108.16653826391968,inf
10,36,inf,inf,inf,770.901420416385,inf
10,37,inf,inf,inf,1316.4140685969594,inf
10,38,inf,inf,inf,762.3312928117276,inf
10,39,inf,inf,inf,1134.588030961018,inf
10,40,inf,inf,inf,163.8169710378018,inf
10,41,inf,inf,inf,615.3454314448105,inf
10,42,inf,inf,inf,997.9343665792857,inf
10,43,inf,inf,inf,1068.9368550106221,inf
10,44,inf,inf,inf,384.422944164367,inf
10,45,inf,inf,inf,604.0074502851766,inf
10,46,inf,inf,inf,1205.9075420611648,inf
10,47,inf,inf,inf,350.2941620980858,inf
10,48,inf,inf,inf,1192.5523049325761,inf
10,49,inf,inf,inf,1467.7332863977706,inf
10,50,inf,inf,inf,174.92855684535903,inf
10,51,inf,inf,inf,985.7306934452229,inf
10,52,inf,inf,inf,803.4687299453539,inf
10,53,inf,inf,inf,1253.1404550169148,inf
10,54,inf,inf,inf,1438.3966768593425,inf
10,55,inf,inf,inf,1355.4427320989994,inf
10,56,inf,inf,inf,546.4036969128229,inf
10,57,inf,inf,inf,174.73408368146153,inf
10,58,inf,inf,inf,1325.2358280698572,inf
10,59,inf,inf,inf,1458.9694993384885,inf
10,60,inf,inf,inf,959.5524998664742,inf
10,61,inf,inf,inf,1167.568841653459,inf
10,62,inf,inf,inf,811.8084749496029,inf
10,63,inf,inf,inf,1033.12390350819,inf
10,64,inf,inf,inf,1242.6041203858936,inf
10,65,inf,inf,inf,344.9884056022753,inf
10,66,inf,inf,inf,1057.9361984543302,inf
10,67,inf,inf,inf,385.3894134508627,inf
11,12,inf,inf,inf,808.3421305363219,inf
11,13,inf,inf,inf,922.3665215086679,inf
11,14,inf,inf,inf,759.9644728538302,inf
11,15,inf,inf,inf,552.2264028457894,inf
11,16,inf,inf,inf,612.5944825086168,inf
11,17,inf,inf,inf,581.3157489695252,inf
11,18,inf,inf,inf,558.3950214677777,inf
11,19,inf,inf,inf,565.4493788129934,inf
11,20,inf,inf,inf,566.2596577542851,inf
11,21,inf,inf,inf,560.6291109102344,inf
11,22,inf,inf,inf,865.6153880332766,inf
11,23,inf,inf,inf,731.3610599423516,inf
11,24,inf,inf,inf,136.5283853270081,inf
11,25,inf,inf,inf,955.7159619887071,inf
11,26,inf,inf,inf,122.494897852931,inf
11,27,inf,inf,inf,926.4232294151524,inf
11,28,inf,inf,inf,183.20753259623362,inf
11,29,inf,inf,inf,79.55501241279521,inf
11,30,inf,inf,inf,727.6599480526601,inf
11,31,inf,inf,inf,566.3867936313487,inf
11,32,inf,inf,inf,815.7505746243762,inf
11,33,inf,inf,inf,515.3212590219814,inf
11,34,inf,inf,inf,877.446864488101,inf
11,35,inf,inf,inf,496.3718364291028,inf
11,36,inf,inf,inf,663.4515807502459,inf
11,37,inf,inf,inf,824.2165977460052,inf
11,38,inf,inf,inf,665.4336931655926,inf
11,39,inf,inf,inf,666.0007507503276,inf
11,40,inf,inf,inf,502.7573967630909,inf
11,41,inf,inf,inf,248.3646512690564,inf
11,42,inf,inf,inf,532.634959423431,inf
11,43,inf,inf,inf,577.7793696559268,inf
11,44,inf,inf,inf,371.01212918178294,inf
11,45,inf,inf,inf,609.0582894928859,inf
11,46,inf,inf,inf,718.7224777339303,inf
11,47,inf,inf,inf,389.7858386344994,inf
11,48,inf,inf,inf,704.329468359801,inf
11,49,inf,inf,inf,978.8094809512216,inf
11,50,inf,inf,inf,501.42297514174595,inf
11,51,inf,inf,inf,496.47759264643554,inf
11,52,inf,inf,inf,480.1260251225713,inf
11,53,inf,inf,inf,875.3068033552578,inf
11,54,inf,inf,inf,955.9968619195358,inf
11,55,inf,inf,inf,926.5527507918802,inf
11,56,inf,inf,inf,586.4196449642525,inf
11,57,inf,inf,inf,423.6283748759046,inf
11,58,inf,inf,inf,837.4992537310108,inf
11,59,inf,inf,inf,971.6485990315634,inf
11,60,inf,inf,inf,702.1908572460909,inf
11,61,inf,inf,inf,803.26583395536,inf
11,62,inf,inf,inf,325.8588651548397,inf
11,63,inf,inf,inf,775.2418977325723,inf
11,64,inf,inf,inf,756.6306893062163,inf
11,65,inf,inf,inf,533.9531814681883,inf
11,66,inf,inf,inf,646.0789425449494,inf
11,67,inf,inf,inf,540.8974024711156,inf
12,13,inf,inf,inf,505.75586996099213,inf
12,14,inf,inf,inf,86.05230967266364,inf
12,15,inf,inf,inf,263.2812184718082,inf
12,16,inf,inf,inf,1047.2196522220158,inf
12,17,inf,inf,inf,1267.5160748487572,inf
12,18,inf,inf,inf,805.5221908799285,inf
12,19,inf,inf,inf,1280.515521186682,inf
12,20,inf,inf,inf,251.3105648396024,inf
12,21,inf,inf,inf,376.53153918363864,inf
12,22,inf,inf,inf,588.4598541956792,inf
12,23,inf,inf,inf,161.02794788483146,inf
12,24,inf,inf,inf,826.6758736046432,inf
12,25,inf,inf,inf,190.07366992826755,inf
12,26,inf,inf,inf,916.8315003314405,inf
12,27,inf,inf,inf,131.48764200486676,inf
12,28,inf,inf,inf,630.1015791124476,inf
12,29,inf,inf,inf,862.3004116895689,inf
12,30,inf,inf,inf,496.0665277964237,inf
12,31,inf,inf,inf,1279.056292740863,inf
12,32,inf,inf,inf,609.5326078234043,inf
12,33,inf,inf,inf,444.0281522606421,inf
12,34,inf,inf,inf,857.8636255256426,inf
12,35,inf,inf,inf,1278.690736652143,inf
12,36,inf,inf,inf,1200.0520822031017,inf
12,37,inf,inf,inf,119.63277142990545,inf
12,38,inf,inf,inf,1029.674220324079,inf
12,39,inf,inf,inf,460.0043478055398,inf
12,40,inf,inf,inf,1268.9499596122773,inf
12,41,inf,inf,inf,722.4236983931244,inf
12,42,inf,inf,inf,504.5720959387271,inf
12,43,inf,inf,inf,306.0261426741186,inf
12,44,inf,inf,inf,1119.977231911435,inf
12,45,inf,inf,inf,1119.3520447115823,inf
12,46,inf,inf,inf,89.62700485902673,inf
12,47,inf,inf,inf,1152.6543280619737,inf
12,48,inf,inf,inf,293.6818005937719,inf
12,49,inf,inf,inf,174.9771413642365,inf
12,50,inf,inf,inf,1305.7970745870125,inf
12,51,inf,inf,inf,384.36050785688167,inf
12,52,inf,inf,inf,863.1199221429198,inf
12,53,inf,inf,inf,849.2496688253697,inf
12,54,inf,inf,inf,155.90060936378666,inf
12,55,inf,inf,inf,395.32391781929914,inf
12,56,inf,inf,inf,1141.606324439384,inf
12,57,inf,inf,inf,1228.4079127065245,inf
12,58,inf,inf,inf,303.63794229311986,inf
12,59,inf,inf,inf,366.31407289373965,inf
12,60,inf,inf,inf,1028.7978421439268,inf
12,61,inf,inf,inf,855.7575591252466,inf
12,62,inf,inf,inf,534.6821485705316,inf
12,63,inf,inf,inf,814.860110693854,inf
12,64,inf,inf,inf,317.47913317255984,inf
12,65,inf,inf,inf,1221.6550249558998,inf
12,66,inf,inf,inf,438.6171451277298,inf
12,67,inf,inf,inf,1205.4928452711779,inf
13,14,inf,inf,inf,435.80041303330586,inf
13,15,inf,inf,inf,597.6972477768322,inf
13,16,inf,inf,inf,821.1991232338232,inf
13,17,inf,inf,inf,1154.587372181075,inf
13,18,inf,inf,inf,576.805859887016,inf
13,19,inf,inf,inf,1190.3113038192992,inf
13,20,inf,inf,inf,494.2974812802509,inf
13,21,inf,inf,inf,780.3723470241625,inf
13,22,inf,inf,inf,1078.7261005463806,inf
13,23,inf,inf,inf,374.30068127108717,inf
13,24,inf,inf,inf,861.7795541784453,inf
13,25,inf,inf,inf,412.97578621512423,inf
13,26,inf,inf,inf,1044.6554455895973,inf
13,27,inf,inf,inf,586.436697351044,inf
13,28,inf,inf,inf,803.1593864233923,inf
13,29,inf,inf,inf,999.018017855534,inf
13,30,inf,inf,inf,964.0357877174478,inf
13,31,inf,inf,inf,1186.9229124083838,inf
13,32,inf,inf,inf,196.60366222428308,inf
13,33,inf,inf,inf,828.4950211075502,inf
13,34,inf,inf,inf,435.454934522506,inf
13,35,inf,inf,inf,1414.271897479406,inf
13,36,inf,inf,inf,994.2313614043766,inf
13,37,inf,inf,inf,387.4751604941922,inf
13,38,inf,inf,inf,1389.308461069751,inf
13,39,inf,inf,inf,257.21780653757236,inf
13,40,inf,inf,inf,1424.623809993361,inf
13,41,inf,inf,inf,973.4192313695061,inf
13,42,inf,inf,inf,393.45139471096047,inf
13,43,inf,inf,inf,401.47851748256716,inf
13,44,inf,inf,inf,1092.3451835386102,inf
13,45,inf,inf,inf,1427.5069176715047,inf
13,46,inf,inf,inf,506.2114182829147,inf
13,47,inf,inf,inf,1132.879958336275,inf
13,48,inf,inf,inf,277.1425625918906,inf
13,49,inf,inf,inf,504.82868381263756,inf
13,50,inf,inf,inf,1336.400014965579,inf
13,51,inf,inf,inf,451.54180315891017,inf
13,52,inf,inf,inf,686.9854438050344,inf
13,53,inf,inf,inf,426.27925119573905,inf
13,54,inf,inf,inf,587.8179990439218,inf
13,55,inf,inf,inf,901.077133213356,inf
13,56,inf,inf,inf,1430.7061193690338,inf
13,57,inf,inf,inf,1268.0414031095356,inf
13,58,inf,inf,inf,202.24984548819808,inf
13,59,1.0,243.6934,243.693434175952,201.3181561608391,1.2104891025390578
13,60,inf,inf,inf,743.8978424488137,inf
13,61,inf,inf,inf,475.0621012036216,inf
13,62,inf,inf,inf,600.4798081534466,inf
13,63,inf,inf,inf,1256.0573235326483,inf
13,64,inf,inf,inf,221.11083193728885,inf
13,65,inf,inf,inf,1441.594256370356,inf
13,66,inf,inf,inf,884.1187703018187,inf
13,67,inf,inf,inf,1439.5867462574113,inf
14,15,inf,inf,inf,238.83885781003056,inf
14,16,inf,inf,inf,965.5102278070389,inf
14,17,inf,inf,inf,1196.2182075190128,inf
14,18,inf,inf,inf,721.8400099745095,inf
14,19,inf,inf,inf,1211.6208152718407,inf
14,20,inf,inf,inf,193.7937047481161,inf
14,21,inf,inf,inf,387.76926128820475,inf
14,22,inf,inf,inf,644.9806198638839,inf
14,23,1.0,78.3137,78.31370849898475,75.23961722390672,1.0408573486748318
14,24,inf,inf,inf,766.812884607451,inf
14,25,inf,inf,inf,199.6121238802894,inf
14,26,inf,inf,inf,872.9747991780748,inf
14,27,inf,inf,inf,212.55117030964567,inf
14,28,inf,inf,inf,587.1873636242524,inf
14,29,inf,inf,inf,818.9438320178008,inf
14,30,inf,inf,inf,539.0593659329184,inf
14,31,inf,inf,inf,1209.9487592456137,inf
14,32,inf,inf,inf,527.0531282517921,inf
14,33,inf,inf,inf,450.2910170101109,inf
14,34,inf,inf,inf,773.3336925286523,inf
14,35,inf,inf,inf,1240.864617917684,inf
14,36,inf,inf,inf,1120.540048369535,inf
14,37,inf,inf,inf,77.41446893184762,inf
14,38,inf,inf,inf,1038.4315095373406,inf
14,39,inf,inf,inf,374.03342096662965,inf
14,40,inf,inf,inf,1234.5578155760873,inf
14,41,inf,inf,inf,698.8225812035555,inf
14,42,inf,inf,inf,421.23864969871886,inf
14,43,inf,inf,inf,226.99118925632334,inf
14,44,inf,inf,inf,1056.6304935974542,inf
14,45,inf,inf,inf,1115.4308584578428,inf
14,46,inf,inf,inf,77.82030583337487,inf
14,47,inf,inf,inf,1090.6204656066197,inf
14,48,inf,inf,inf,208.27385817716058,inf
14,49,inf,inf,inf,222.48145990171855,inf
14,50,inf,inf,inf,1251.8837805483383,inf
14,51,inf,inf,inf,309.6837096135346,inf
14,52,inf,inf,inf,782.8390639205481,inf
14,53,inf,inf,inf,764.7875521999557,inf
14,54,inf,inf,inf,232.93775992741064,inf
14,55,inf,inf,inf,470.2531233282773,inf
14,56,inf,inf,inf,1133.321666606617,inf
14,57,inf,inf,inf,1175.039148284005,inf
14,58,inf,inf,inf,234.71898091121648,inf
14,59,inf,inf,inf,320.71326757713035,inf
14,60,inf,inf,inf,944.2722065167437,inf
14,61,inf,inf,inf,769.9883115995982,inf
14,62,inf,inf,inf,469.6232532573318,inf
14,63,inf,inf,inf,848.5434579324739,inf
14,64,inf,inf,inf,235.97457490161943,inf
14,65,inf,inf,inf,1199.0546276129373,inf
14,66,inf,inf,inf,469.7658991455212,inf
14,67,inf,inf,inf,1185.649189262996,inf
15,16,inf,inf,inf,887.7172973418959,inf
15,17,inf,inf,inf,1051.5293624050637,inf
15,18,inf,inf,inf,673.9621651101788,inf
15,19,inf,inf,inf,1056.950803017813,inf
15,20,inf,inf,inf,107.62899237658968,inf
15,21,inf,inf,inf,184.66456075814872,inf
15,22,inf,inf,inf,527.5945412909425,inf
15,23,inf,inf,inf,250.12197024651792,inf
15,24,inf,inf,inf,587.4027579097667,inf
15,25,inf,inf,inf,436.033255612459,inf
15,26,inf,inf,inf,656.4914317795777,inf
15,27,inf,inf,inf,374.60646016853474,inf
15,28,inf,inf,inf,370.80048543657546,inf
15,29,inf,inf,inf,601.8513105410672,inf
15,30,inf,inf,inf,390.86186818363336,inf
15,31,inf,inf,inf,1056.1230988857312,inf
15,32,inf,inf,inf,618.9450702606815,inf
15,33,inf,inf,inf,231.36551169091732,inf
15,34,inf,inf,inf,827.3723466493185,inf
15,35,inf,inf,inf,1015.6283769174629,inf
15,36,inf,inf,inf,1021.8267954991198,inf
15,37,inf,inf,inf,315.22848856028224,inf
15,38,inf,inf,inf,810.1061658819787,inf
15,39,inf,inf,inf,429.3774563248518,inf
15,40,inf,inf,inf,1005.6763893022447,inf
15,41,inf,inf,inf,461.8062364238924,inf
15,42,inf,inf,inf,396.2852507979574,inf
15,43,inf,inf,inf,218.66183937761065,inf
15,44,inf,inf,inf,884.0361983538909,inf
15,45,inf,inf,inf,878.4816446574168,inf
15,46,inf,inf,inf,176.4652940382329,inf
15,47,inf,inf,inf,913.6459927127137,inf
15,48,inf,inf,inf,321.0763149159402,inf
15,49,inf,inf,inf,438.0799013878633,inf
15,50,inf,inf,inf,1053.0265903575275,inf
15,51,inf,inf,inf,239.14012628582432,inf
15,52,inf,inf,inf,698.9456345095805,inf
15,53,inf,inf,inf,820.1902218388122,inf
15,54,inf,inf,inf,404.54418794490175,inf
15,55,inf,inf,inf,448.8763749630849,inf
15,56,inf,inf,inf,895.0273738830562,inf
15,57,inf,inf,inf,975.2871372062691,inf
15,58,inf,inf,inf,421.7167295709289,inf
15,59,inf,inf,inf,537.7034498680476,inf
15,60,inf,inf,inf,899.245239075526,inf
15,61,inf,inf,inf,798.5799897317738,inf
15,62,inf,inf,inf,321.2880327681067,inf
15,63,inf,inf,inf,659.8439209388838,inf
15,64,inf,inf,inf,376.7333274346723,inf
15,65,inf,inf,inf,962.1018657086161,inf
15,66,inf,inf,inf,299.23235119217975,inf
15,67,inf,inf,inf,947.7383605193999,inf
16,17,inf,inf,inf,379.5787138394354,inf
16,18,inf,inf,inf,253.5527558517162,inf
16,19,inf,inf,inf,432.8429276307977,inf
16,20,inf,inf,inf,821.195470031344,inf
16,21,inf,inf,inf,1007.3355945264716,inf
16,22,inf,inf,inf,1368.7315295557416,inf
16,23,inf,inf,inf,898.2677774472376,inf
16,24,inf,inf,inf,476.09242800111826,inf
16,25,inf,inf,inf,1099.6022007980887,inf
16,26,inf,inf,inf,674.7747772405249,inf
16,27,inf,inf,inf,1177.673978654534,inf
16,28,inf,inf,inf,685.2919086053768,inf
16,29,inf,inf,inf,671.5631020239275,inf
16,30,inf,inf,inf,1221.2473132007292,inf
16,31,inf,inf,inf,427.9836445473121,inf
16,32,inf,inf,inf,629.5371315498396,inf
16,33,inf,inf,inf,996.4436762808022,inf
16,34,inf,inf,inf,492.7200016236402,inf
16,35,inf,inf,inf,909.121004047316,inf
16,36,inf,inf,inf,173.11268006705922,inf
16,37,inf,inf,inf,988.5469134037089,inf
16,38,inf,inf,inf,1277.8301921616971,inf
16,39,inf,inf,inf,633.7452169444753,inf
16,40,inf,inf,inf,947.882376669173,inf
16,41,inf,inf,inf,844.4696560563914,inf
16,42,inf,inf,inf,545.4576060520194,inf
16,43,inf,inf,inf,741.5557969566416,inf
16,44,inf,inf,inf,448.09150851137537,inf
16,45,inf,inf,inf,1207.6622044263868,inf
16,46,inf,inf,inf,975.1687033534249,inf
16,47,inf,inf,inf,484.2571630858959,inf
16,48,inf,inf,inf,786.4705970346254,inf
16,49,inf,inf,inf,1167.2617529928752,inf
16,50,inf,inf,inf,698.0752108476564,inf
16,51,inf,inf,inf,670.1417760444427,inf
16,52,inf,inf,inf,188.79883474216678,inf
16,53,inf,inf,inf,497.22630662506185,inf
16,54,inf,inf,inf,1198.3096427885407,inf
16,55,inf,inf,inf,1336.4445368214874,inf
16,56,inf,inf,inf,1175.44544747938,inf
16,57,inf,inf,inf,661.0484097250367,inf
16,58,inf,inf,inf,879.0500554575946,inf
16,59,inf,inf,inf,981.6644029402308,inf
16,60,inf,inf,inf,131.24023773218335,inf
16,61,inf,inf,inf,407.9460748677452,inf
16,62,inf,inf,inf,576.0555528766301,inf
16,63,inf,inf,inf,1357.509484313093,inf
16,64,inf,inf,inf,802.1034845953482,inf
16,65,inf,inf,inf,1064.015977323649,inf
16,66,inf,inf,inf,1124.9968888845872,inf
16,67,inf,inf,inf,1086.2826519833593,inf
17,18,inf,inf,inf,582.272273081932,inf
17,19,inf,inf,inf,61.326992425847855,inf
17,20,inf,inf,inf,1018.7531595043031,inf
17,21,inf,inf,inf,1115.338961930408,inf
17,22,inf,inf,inf,1443.4382563864656,inf
17,23,inf,inf,inf,1141.1945495838997,inf
17,24,inf,inf,inf,481.04053883222775,inf
17,25,inf,inf,inf,1362.9075537247566,inf
17,26,inf,inf,inf,570.165765370037,inf
17,27,inf,inf,inf,1397.9027147838292,inf
17,28,inf,inf,inf,735.4352452799634,inf
17,29,inf,inf,inf,598.188097507799,inf
17,30,inf,inf,inf,1302.0249613582682,inf
17,31,inf,inf,inf,55.94640292279746,inf
17,32,inf,inf,inf,974.9897435357974,inf
17,33,inf,inf,inf,1081.415738742506,inf
17,34,inf,inf,inf,870.0005747124538,inf
17,35,inf,inf,inf,642.6110798920292,inf
17,36,inf,inf,inf,251.26878039263056,inf
17,37,inf,inf,inf,1238.1538676594278,inf
17,38,inf,inf,inf,1175.65726298101,inf
17,39,inf,inf,inf,930.1747147713703,inf
17,40,inf,inf,inf,692.832591612144,inf
17,41,inf,inf,inf,825.7850809986821,inf
17,42,inf,inf,inf,810.8884016928594,inf
17,43,inf,inf,inf,971.8893969994734,inf
17,44,inf,inf,inf,224.4147945212169,inf
17,45,inf,inf,inf,1059.2072507304697,inf
17,46,inf,inf,inf,1183.4601809946967,inf
17,47,inf,inf,inf,229.40139493908924,inf
17,48,inf,inf,inf,1055.003317530329,inf
17,49,inf,inf,inf,1414.9558296992877,inf
17,50,inf,inf,inf,377.2280477377047,inf
17,51,inf,inf,inf,886.70739254841,inf
17,52,inf,inf,inf,467.68044645890427,inf
17,53,inf,inf,inf,873.9576648785684,inf
17,54,inf,inf,inf,1423.416312959775,inf
17,55,inf,inf,inf,1476.8466406502741,inf
17,56,inf,inf,inf,1012.7072627368681,inf
17,57,inf,inf,inf,373.77132046212427,inf
17,58,inf,inf,inf,1169.6157488679776,inf
17,59,inf,inf,inf,1288.5903150342237,inf
17,60,inf,inf,inf,507.14100603283896,inf
17,61,inf,inf,inf,783.9005038906405,inf
17,62,inf,inf,inf,736.0978195865003,inf
17,63,inf,inf,inf,1348.2907698267463,inf
17,64,inf,inf,inf,1085.8959434494634,inf
17,65,inf,inf,inf,849.8058601821948,inf
17,66,inf,inf,inf,1214.95102781964,inf
17,67,inf,inf,inf,882.5701105294695,inf
18,19,inf,inf,inf,623.0200638823761,inf
18,20,inf,inf,inf,594.0917437568039,inf
18,21,inf,inf,inf,817.0936298858289,inf
18,22,inf,inf,inf,1182.8630520901395,inf
18,23,inf,inf,inf,652.0644139960407,inf
18,24,inf,inf,inf,436.54667562587167,inf
18,25,inf,inf,inf,847.6142990771215,inf
18,26,inf,inf,inf,657.122515213107,inf
18,27,inf,inf,inf,934.3666303972975,inf
18,28,inf,inf,inf,560.6157329222932,inf
18,29,inf,inf,inf,633.6718393616684,inf
18,30,inf,inf,inf,1036.752622374306,inf
18,31,inf,inf,inf,619.1550694292989,inf
18,32,inf,inf,inf,392.8256610762591,inf
18,33,inf,inf,inf,819.6200339181565,inf
18,34,inf,inf,inf,335.38634438509865,inf
18,35,inf,inf,inf,971.6995420396163,inf
18,36,inf,inf,inf,423.2363405947084,inf
18,37,inf,inf,inf,739.6391011838139,inf
18,38,inf,inf,inf,1200.6369143084016,inf
18,39,inf,inf,inf,380.27621540138426,inf
18,40,inf,inf,inf,998.8873810395244,inf
18,41,inf,inf,inf,744.6139939592863,inf
18,42,inf,inf,inf,300.9867106700892,inf
18,43,inf,inf,inf,503.2951420389432,inf
18,44,inf,inf,inf,561.3563930338729,inf
18,45,inf,inf,inf,1165.223154593145,inf
18,46,inf,inf,inf,738.8863241392413,inf
18,47,inf,inf,inf,602.6823375543703,inf
18,48,inf,inf,inf,535.5567196852262,inf
18,49,inf,inf,inf,917.4753402680641,inf
18,50,inf,inf,inf,820.5485969764375,inf
18,51,inf,inf,inf,441.54841184178207,inf
18,52,inf,inf,inf,120.83873551142449,inf
18,53,inf,inf,inf,335.59052430007614,inf
18,54,inf,inf,inf,953.4594904871418,inf
18,55,inf,inf,inf,1120.0111606586784,inf
18,56,inf,inf,inf,1144.6907879423159,inf
18,57,inf,inf,inf,764.3768703983658,inf
18,58,inf,inf,inf,625.4998001598402,inf
18,59,inf,inf,inf,729.4737829421973,inf
18,60,inf,inf,inf,226.497240601293,inf
18,61,inf,inf,inf,252.69942619642015,inf
18,62,inf,inf,inf,392.674165180242,inf
18,63,inf,inf,inf,1218.665253463805,inf
18,64,inf,inf,inf,548.9672121356612,inf
18,65,inf,inf,inf,1076.7344147931744,inf
18,66,inf,inf,inf,939.2385213565295,inf
18,67,inf,inf,inf,1089.9655957873165,inf
19,20,inf,inf,inf,1030.2198794432186,inf
19,21,inf,inf,inf,1110.8519253257834,inf
19,22,inf,inf,inf,1430.8127061219438,inf
19,23,inf,inf,inf,1159.2385431825496,inf
19,24,inf,inf,inf,476.5175757514092,inf
19,25,inf,inf,inf,1383.1471360632606,inf
19,26,inf,inf,inf,542.0147599466272,inf
19,27,inf,inf,inf,1410.0088652203574,inf
19,28,inf,inf,inf,728.1016412562191,inf
19,29,inf,inf,inf,574.4649684706632,inf
19,30,inf,inf,inf,1291.3845283260907,inf
19,31,2.0,5.8284,5.82842712474619,5.385164807134504,1.0823117459700458
19,32,inf,inf,inf,1014.4801624477435,inf
19,33,inf,inf,inf,1073.5944299408413,inf
19,34,inf,inf,inf,919.9184746487049,inf
19,35,inf,inf,inf,587.3755187271597,inf
19,36,inf,inf,inf,311.8092365533773,inf
19,37,inf,inf,inf,1256.6367812538356,inf
19,38,inf,inf,inf,1138.2411870952483,inf
19,39,inf,inf,inf,959.9854165558975,inf
19,40,inf,inf,inf,638.6000313185085,inf
19,41,inf,inf,inf,805.2726246433564,inf
19,42,inf,inf,inf,836.7968690189991,inf
19,43,inf,inf,inf,989.5069479291188,inf
19,44,inf,inf,inf,196.73586353280888,inf
19,45,inf,inf,inf,1016.1579601617063,inf
19,46,inf,inf,inf,1195.041840271712,inf
19,47,inf,inf,inf,191.5097908724251,inf
19,48,inf,inf,inf,1078.4456407255768,inf
19,49,inf,inf,inf,1431.9710192598172,inf
19,50,inf,inf,inf,317.9213739275798,inf
19,51,inf,inf,inf,903.2037422420259,inf
19,52,inf,inf,inf,505.52942545414703,inf
19,53,inf,inf,inf,923.5393873571392,inf
19,54,inf,inf,inf,1436.2468450792155,inf
19,55,inf,inf,inf,1474.70302095032,inf
19,56,inf,inf,inf,968.0480359982143,inf
19,57,inf,inf,inf,319.4526568992658,inf
19,58,inf,inf,inf,1196.2959500056832,inf
19,59,inf,inf,inf,1317.8808747379255,inf
19,60,inf,inf,inf,562.072059437222,inf
19,61,inf,inf,inf,833.3096663305904,inf
19,62,inf,inf,inf,746.4643327045171,inf
19,63,inf,inf,inf,1323.2962631247774,inf
19,64,inf,inf,inf,1111.8979269699175,inf
19,65,inf,inf,inf,799.5279857515933,inf
19,66,inf,inf,inf,1206.53429292333,inf
19,67,inf,inf,inf,833.4128628716982,inf
20,21,inf,inf,inf,292.0359566902678,inf
20,22,inf,inf,inf,630.5711696549407,inf
20,23,inf,inf,inf,173.80736463107655,inf
20,24,inf,inf,inf,576.0295131327908,inf
20,25,inf,inf,inf,390.40107581818984,inf
20,26,inf,inf,inf,680.0624971280213,inf
20,27,inf,inf,inf,379.80258029665885,inf
20,28,inf,inf,inf,395.37956446938426,inf
20,29,inf,inf,inf,626.2659179613721,inf
20,30,inf,inf,inf,496.7786227284745,inf
20,31,inf,inf,inf,1028.8653945001747,inf
20,32,inf,inf,inf,511.61411239331545,inf
20,33,inf,inf,inf,334.82234095113785,inf
20,34,inf,inf,inf,724.4535871952047,inf
20,35,inf,inf,inf,1049.7452071812475,inf
20,36,inf,inf,inf,965.1621625405753,inf
20,37,inf,inf,inf,259.83263844251746,inf
20,38,inf,inf,inf,901.8824757139923,inf
20,39,inf,inf,inf,322.981423614424,inf
20,40,inf,inf,inf,1045.229639839973,inf
20,41,inf,inf,inf,521.7518567288477,inf
20,42,inf,inf,inf,303.2655601943617,inf
20,43,inf,inf,inf,112.37882362794157,inf
20,44,inf,inf,inf,868.7001784275171,inf
20,45,inf,inf,inf,957.9989561580952,inf
20,46,inf,inf,inf,164.83931569865243,inf
20,47,inf,inf,inf,901.5614233095824,inf
20,48,inf,inf,inf,217.18655575334307,inf
20,49,inf,inf,inf,414.6058369101911,inf
20,50,inf,inf,inf,1058.7091196357949,inf
20,51,inf,inf,inf,152.64337522473747,inf
20,52,inf,inf,inf,633.2621889865208,inf
20,53,inf,inf,inf,717.0439317085112,inf
20,54,inf,inf,inf,406.3988188959215,inf
20,55,inf,inf,inf,527.9109773437184,inf
20,56,inf,inf,inf,969.751514564427,inf
20,57,inf,inf,inf,981.7132982699175,inf
20,58,inf,inf,inf,328.39762483915746,inf
20,59,inf,inf,inf,452.6599164936078,inf
20,60,inf,inf,inf,820.5863757094679,inf
20,61,inf,inf,inf,699.7042232257855,inf
20,62,inf,inf,inf,283.8203657245195,inf
20,63,inf,inf,inf,766.322386466688,inf
20,64,inf,inf,inf,274.5906043549196,inf
20,65,inf,inf,inf,1018.8503324826469,inf
20,66,inf,inf,inf,406.43326635500694,inf
20,67,inf,inf,inf,1008.2063280896426,inf
21,22,inf,inf,inf,365.77178677421256,inf
21,23,inf,inf,inf,420.00238094563224,inf
21,24,inf,inf,inf,634.8740032478886,inf
21,25,inf,inf,inf,566.0388679233962,inf
21,26,inf,inf,inf,640.4404734243457,inf
21,27,inf,inf,inf,446.6598258182618,inf
21,28,inf,inf,inf,383.8593492413595,inf
21,29,inf,inf,inf,588.0017006778127,inf
21,30,inf,inf,inf,220.20445045457188,inf
21,31,inf,inf,inf,1110.899185344917,inf
21,32,inf,inf,inf,801.9089723902582,inf
21,33,inf,inf,inf,69.63476143421474,inf
21,34,inf,inf,inf,1002.0788392137616,inf
21,35,inf,inf,inf,966.2059821797834,inf
21,36,inf,inf,inf,1124.0093415981914,inf
21,37,inf,inf,inf,464.2154672132328,inf
21,38,inf,inf,inf,653.670406244615,inf
21,39,inf,inf,inf,610.9697210173349,inf
21,40,inf,inf,inf,946.5991759979511,inf
21,41,inf,inf,inf,391.60183860651114,inf
21,42,inf,inf,inf,562.6588664546218,inf
21,43,inf,inf,inf,401.32281270817384,inf
21,44,inf,inf,inf,923.885815455568,inf
21,45,inf,inf,inf,745.7807988946886,inf
21,46,inf,inf,inf,311.4369920224635,inf
21,47,inf,inf,inf,947.2254219561466,inf
21,48,inf,inf,inf,504.76232030530963,inf
21,49,inf,inf,inf,541.5542447437745,inf
21,50,inf,inf,inf,1052.825721570289,inf
21,51,inf,inf,inf,406.70997037200846,inf
21,52,inf,inf,inf,821.647126204431,inf
21,53,inf,inf,inf,995.2894051480705,inf
21,54,inf,inf,inf,477.3772093428843,inf
21,55,inf,inf,inf,366.0833238485468,inf
21,56,inf,inf,inf,771.5497391613842,inf
21,57,inf,inf,inf,975.8452746209309,inf
21,58,inf,inf,inf,597.7725319885483,inf
21,59,inf,inf,inf,704.7510198644625,inf
21,60,inf,inf,inf,1036.8032600257388,inf
21,61,inf,inf,inf,967.1447668265595,inf
21,62,inf,inf,inf,432.33898736986464,inf
21,63,inf,inf,inf,475.8203442477003,inf
21,64,inf,inf,inf,559.2790001421473,inf
21,65,inf,inf,inf,872.0143347445614,inf
21,66,inf,inf,inf,123.03251602726817,inf
21,67,inf,inf,inf,850.8895345460537,inf
22,23,inf,inf,inf,704.7247689701278,inf
22,24,inf,inf,inf,965.3527852552144,inf
22,25,inf,inf,inf,757.0713308533087,inf
22,26,inf,inf,inf,913.6328584283733,inf
22,27,inf,inf,inf,573.7961310430735,inf
22,28,inf,inf,inf,711.3402842521995,inf
22,29,inf,inf,inf,868.8273706554139,inf
22,30,inf,inf,inf,147.48898263938224,inf
22,31,inf,inf,inf,1431.611679192371,inf
22,32,inf,inf,inf,1137.235683576628,inf
22,33,inf,inf,inf,373.06567786383135,inf
22,34,inf,inf,inf,1354.6235639468257,inf
22,35,inf,inf,inf,1168.0004280821133,inf
22,36,inf,inf,inf,1477.3252857783218,inf
22,37,inf,inf,inf,705.9808779280073,inf
22,38,inf,inf,inf,638.6517047655944,inf
22,39,inf,inf,inf,952.6032752410628,inf
22,40,inf,inf,inf,1134.000440917022,inf
22,41,inf,inf,inf,638.4238404069823,inf
22,42,inf,inf,inf,921.9468531320014,inf
22,43,inf,inf,inf,742.8411674106384,inf
22,44,inf,inf,inf,1236.5322478609282,inf
22,45,inf,inf,inf,795.2219815875313,inf
22,46,inf,inf,inf,572.5242352948912,inf
22,47,inf,inf,inf,1253.327171970671,inf
22,48,inf,inf,inf,819.806074629848,inf
22,49,inf,inf,inf,691.8916100083885,inf
22,50,inf,inf,inf,1318.501042851313,inf
22,51,inf,inf,inf,764.5129168300559,inf
22,52,inf,inf,inf,1184.8261475845306,inf
22,53,inf,inf,inf,1347.3306943731372,inf
22,54,inf,inf,inf,595.0630218724737,inf
22,55,inf,inf,inf,253.71243564319033,inf
22,56,inf,inf,inf,842.796535351208,inf
22,57,inf,inf,inf,1245.798137741424,inf
22,58,inf,inf,inf,879.41173519575,inf
22,59,inf,inf,inf,954.7737951996797,inf
22,60,inf,inf,inf,1402.1590494662153,inf
22,61,inf,inf,inf,1325.6915176616317,inf
22,62,inf,inf,inf,796.4935655735079,inf
22,63,inf,inf,inf,310.75713990188547,inf
22,64,inf,inf,inf,865.6673726091333,inf
22,65,inf,inf,inf,1008.5573855760514,inf
22,66,inf,inf,inf,244.37675830569486,inf
22,67,inf,inf,inf,975.510122961315,inf
23,24,inf,inf,inf,726.0034435180042,inf
23,25,inf,inf,inf,227.8464395157405,inf
23,26,inf,inf,inf,848.0813640211651,inf
23,27,inf,inf,inf,283.7833680820636,inf
23,28,inf,inf,inf,566.1890143759414,inf
23,29,inf,inf,inf,794.9440231865386,inf
23,30,inf,inf,inf,590.7859172322915,inf
23,31,inf,inf,inf,1157.3353014576198,inf
23,32,inf,inf,inf,453.50633953672576,inf
23,33,inf,inf,inf,476.82806125478817,inf
23,34,inf,inf,inf,698.3867123592773,inf
23,35,inf,inf,inf,1220.0540971612693,inf
23,36,inf,inf,inf,1055.9682760386318,inf
23,37,inf,inf,inf,97.62171889492625,inf
23,38,inf,inf,inf,1060.124992630586,inf
23,39,inf,inf,inf,299.00167223612647,inf
23,40,inf,inf,inf,1217.0406731083394,inf
23,41,inf,inf,inf,695.023740601715,inf
23,42,inf,inf,inf,352.8469923352047,inf
23,43,inf,inf,inf,169.7586522095413,inf
23,44,inf,inf,inf,1010.6794744131297,inf
23,45,inf,inf,inf,1126.000444049646,inf
23,46,inf,inf,inf,132.87964479181903,inf
23,47,inf,inf,inf,1045.9684507670393,inf
23,48,inf,inf,inf,133.09019498069722,inf
23,49,inf,inf,inf,274.23530042647684,inf
23,50,inf,inf,inf,1215.190520042022,inf
23,51,inf,inf,inf,256.7586415293554,inf
23,52,inf,inf,inf,717.8091668403239,inf
23,53,inf,inf,inf,689.8731767506257,inf
23,54,inf,inf,inf,301.5244600359977,inf
23,55,inf,inf,inf,541.4914588430736,inf
23,56,inf,inf,inf,1140.010964859549,inf
23,57,inf,inf,inf,1139.1312479253652,inf
23,58,inf,inf,inf,179.49373248110922,inf
23,59,inf,inf,inf,287.6803781977492,inf
23,60,inf,inf,inf,872.9633440185218,inf
23,61,inf,inf,inf,694.7841391396323,inf
23,62,inf,inf,inf,426.0575078554537,inf
23,63,inf,inf,inf,891.038158554391,inf
23,64,inf,inf,inf,164.57521077003062,inf
23,65,inf,inf,inf,1192.6462174509254,inf
23,66,inf,inf,inf,514.4015940877322,inf
23,67,inf,inf,inf,1181.8058216136862,inf
24,25,inf,inf,inf,953.8348913727156,inf
24,26,1.0,251.3503,251.35028842544455,220.592384274707,1.139433209590927
24,27,inf,inf,inf,952.2289640627405,inf
24,28,inf,inf,inf,254.78814729103863,inf
24,29,inf,inf,inf,201.73497465734593,inf
24,30,inf,inf,inf,822.3581944627292,inf
24,31,inf,inf,inf,476.3884969224173,inf
24,32,inf,inf,inf,733.1746040337185,inf
24,33,inf,inf,inf,600.5231053007036,inf
24,34,inf,inf,inf,764.9895424121822,inf
24,35,inf,inf,inf,559.3576673292322,inf
24,36,inf,inf,inf,533.4641506230761,inf
24,37,inf,inf,inf,822.7059012794305,inf
24,38,inf,inf,inf,801.9438883113955,inf
24,39,inf,inf,inf,605.413082118317,inf
24,40,inf,inf,inf,577.7586001090767,inf
24,41,inf,inf,inf,375.99601061713406,inf
24,42,inf,inf,inf,468.7216658103186,inf
24,43,inf,inf,inf,560.6540823003076,inf
24,44,inf,inf,inf,296.66479400158016,inf
24,45,inf,inf,inf,741.0533044255319,inf
24,46,inf,inf,inf,738.231670954315,inf
24,47,inf,inf,inf,326.8103425535979,inf
24,48,inf,inf,inf,674.68511173732,inf
24,49,inf,inf,inf,989.2320253610878,inf
24,50,inf,inf,inf,491.2361957348013,inf
24,51,inf,inf,inf,473.7108822900314,inf
24,52,inf,inf,inf,348.644518098306,inf
24,53,inf,inf,inf,763.7132969904347,inf
24,54,inf,inf,inf,980.1969189912811,inf
24,55,inf,inf,inf,998.1923662300769,inf
24,56,inf,inf,inf,715.0048950881386,inf
24,57,inf,inf,inf,416.9088629424901,inf
24,58,inf,inf,inf,805.3154661373393,inf
24,59,inf,inf,inf,937.59959470981,inf
24,60,inf,inf,inf,567.0696606238073,inf
24,61,inf,inf,inf,686.7808966475407,inf
24,62,inf,inf,inf,300.0933188193299,inf
24,63,inf,inf,inf,900.6886254416672,inf
24,64,inf,inf,inf,721.0561697953912,inf
24,65,inf,inf,inf,640.7948189553346,inf
24,66,inf,inf,inf,734.1621074394945,inf
24,67,inf,inf,inf,653.4232931262858,inf
25,26,inf,inf,inf,1070.4260833892267,inf
25,27,inf,inf,inf,193.4140636044856,inf
25,28,inf,inf,inf,785.5418512084509,inf
25,29,inf,inf,inf,1016.6661202184324,inf
25,30,inf,inf,inf,678.3877947015261,inf
25,31,inf,inf,inf,1381.0753056948054,inf
25,32,inf,inf,inf,566.9514970436184,inf
25,33,inf,inf,inf,632.8609641935581,inf
25,34,inf,inf,inf,823.5690620706924,inf
25,35,inf,inf,inf,1439.7089983743242,inf
25,36,inf,inf,inf,1263.3055845677245,inf
25,37,inf,inf,inf,131.7269904006009,inf
25,38,inf,inf,inf,1219.5265474765197,inf
25,39,inf,inf,inf,470.34030233438426,inf
25,40,inf,inf,inf,1433.9574610147959,inf
25,41,inf,inf,inf,897.4853759254243,inf
25,42,inf,inf,inf,559.5364152582029,inf
25,43,inf,inf,inf,395.9040287746514,inf
25,44,inf,inf,inf,1237.864693736759,inf
25,45,inf,inf,inf,1306.2790666622504,inf
25,46,inf,inf,inf,262.1011255221923,inf
25,47,inf,inf,inf,1273.4410076638808,inf
25,48,inf,inf,inf,313.765836253726,inf
25,49,inf,inf,inf,92.17917335276988,inf
25,50,inf,inf,inf,1442.6815310386419,inf
25,51,inf,inf,inf,483.4676824773296,inf
25,52,inf,inf,inf,926.3519849387704,inf
25,53,inf,inf,inf,814.4402986100332,inf
25,54,inf,inf,inf,184.76200908195386,inf
25,55,inf,inf,inf,535.4484102133463,inf
25,56,inf,inf,inf,1326.7256687047252,inf
25,57,inf,inf,inf,1366.4472181537053,inf
25,58,inf,inf,inf,239.0397456491284,inf
25,59,inf,inf,inf,226.93170778892932,inf
25,60,inf,inf,inf,1058.7695688864503,inf
25,61,inf,inf,inf,840.8525435532678,inf
25,62,inf,inf,inf,653.9028979902139,inf
25,63,inf,inf,inf,1000.4663912396059,inf
25,64,inf,inf,inf,301.1992695874278,inf
25,65,inf,inf,inf,1397.8386888335865,inf
25,66,inf,inf,inf,626.8341088358227,inf
25,67,inf,inf,inf,1383.7705734694607,inf
26,27,inf,inf,inf,1030.8428590236244,inf
26,28,inf,inf,inf,286.77517326295873,inf
26,29,inf,inf,inf,54.644304369257,inf
26,30,inf,inf,inf,783.9757649315443,inf
26,31,inf,inf,inf,544.0744434358224,inf
26,32,inf,inf,inf,934.8636264183135,inf
26,33,inf,inf,inf,586.9352604844933,inf
26,34,inf,inf,inf,984.0782489212938,inf
26,35,inf,inf,inf,374.7665940288702,inf
26,36,inf,inf,inf,696.8105911939055,inf
26,37,inf,inf,inf,939.4061954234706,inf
26,38,inf,inf,inf,618.0784739820665,inf
26,39,inf,inf,inf,788.0913652616681,inf
26,40,inf,inf,inf,380.2656965859529,inf
26,41,inf,inf,inf,275.2816739269071,inf
26,42,inf,inf,inf,654.1719957320093,inf
26,43,inf,inf,inf,697.8022642554264,inf
26,44,inf,inf,inf,346.636697422532,inf
26,45,inf,inf,inf,533.0225135958143,inf
26,46,inf,inf,inf,827.5077038916314,inf
26,47,inf,inf,inf,352.5677239907249,inf
26,48,inf,inf,inf,825.6373295824263,inf
26,49,inf,inf,inf,1089.3066602201604,inf
26,50,inf,inf,inf,413.14646313383827,inf
26,51,inf,inf,inf,617.7094786386234,inf
26,52,inf,inf,inf,566.5933285876212,inf
26,53,inf,inf,inf,982.5197199038806,inf
26,54,inf,inf,inf,1060.9547586961473,inf
26,55,inf,inf,inf,1002.1801235306955,inf
26,56,inf,inf,inf,501.3790980884624,inf
26,57,inf,inf,inf,337.013352851189,inf
26,58,inf,inf,inf,958.8326235584602,inf
26,59,inf,inf,inf,1093.0041171011205,inf
26,60,inf,inf,inf,777.460609934677,inf
26,61,inf,inf,inf,906.8478372913506,inf
26,62,inf,inf,inf,448.1707263978762,inf
26,63,inf,inf,inf,781.6552948710831,inf
26,64,inf,inf,inf,878.444648227764,inf
26,65,inf,inf,inf,421.3703833920937,inf
26,66,inf,inf,inf,711.2137512731317,inf
26,67,inf,inf,inf,432.90299144265566,inf
27,28,inf,inf,inf,745.4052589028333,inf
27,29,inf,inf,inf,976.1992624459414,inf
27,30,inf,inf,inf,511.8564251819059,inf
27,31,inf,inf,inf,1408.6369298012885,inf
27,32,inf,inf,inf,714.6054855652873,inf
27,33,inf,inf,inf,516.2944896084017,inf
27,34,inf,inf,inf,968.0521680157532,inf
27,35,inf,inf,inf,1385.9282088189127,inf
27,36,inf,inf,inf,1331.3226505997711,inf
27,37,inf,inf,inf,211.463944917331,inf
27,38,inf,inf,inf,1085.166346695289,inf
27,39,inf,inf,inf,579.9077512846332,inf
27,40,inf,inf,inf,1372.9621262074202,inf
27,41,inf,inf,inf,819.7932666227505,inf
27,42,inf,inf,inf,633.7822970074188,inf
27,43,inf,inf,inf,437.12355232817185,inf
27,44,inf,inf,inf,1246.9362453630097,inf
27,45,inf,inf,inf,1190.49065515022,inf
27,46,inf,inf,inf,215.05813167606567,inf
27,47,inf,inf,inf,1278.8420543601153,inf
27,48,inf,inf,inf,411.9465984809196,inf
27,49,inf,inf,inf,118.1185844818672,inf
27,50,inf,inf,inf,1426.4294584731485,inf
27,51,inf,inf,inf,515.8236132632937,inf
27,52,inf,inf,inf,994.1554204449121,inf
27,53,inf,inf,inf,959.2048790534794,inf
27,54,inf,inf,inf,31.016124838541646,inf
27,55,inf,inf,inf,343.1850812608264,inf
27,56,inf,inf,inf,1217.9146111283828,inf
27,57,inf,inf,inf,1348.7864916286787,inf
27,58,inf,inf,inf,391.48563192025324,inf
27,59,inf,inf,inf,415.62603383330065,inf
27,60,inf,inf,inf,1156.4099619079732,inf
27,61,inf,inf,inf,972.2962511498232,inf
27,62,inf,inf,inf,663.6173596282725,inf
27,63,inf,inf,inf,836.3372525482768,inf
27,64,inf,inf,inf,425.3398641086913,inf
27,65,inf,inf,inf,1313.8074440343228,inf
27,66,inf,inf,inf,477.3782567314938,inf
27,67,inf,inf,inf,1294.7254535228694,inf
28,29,inf,inf,inf,232.3316594870359,inf
28,30,inf,inf,inf,567.6988638353964,inf
28,31,inf,inf,inf,728.3302822209166,inf
28,32,inf,inf,inf,728.8799626824708,inf
28,33,inf,inf,inf,346.01300553591915,inf
28,34,inf,inf,inf,841.6424418956069,inf
28,35,inf,inf,inf,654.3775668526542,inf
28,36,inf,inf,inf,773.0310472419591,inf
28,37,inf,inf,inf,655.2098900352466,inf
28,38,inf,inf,inf,647.0278201128604,inf
28,39,inf,inf,inf,555.8992714512225,inf
28,40,inf,inf,inf,650.963900688817,inf
28,41,inf,inf,inf,190.0,inf
28,42,inf,inf,inf,436.02408190374075,inf
28,43,inf,inf,inf,426.2769053092133,inf
28,44,inf,inf,inf,540.0268511842721,inf
28,45,inf,inf,inf,641.0374404042248,inf
28,46,inf,inf,inf,540.7411580414422,inf
28,47,inf,inf,inf,563.7730039652484,inf
28,48,inf,inf,inf,559.0965927279472,inf
28,49,inf,inf,inf,802.5739841285662,inf
28,50,inf,inf,inf,684.4925127421044,inf
28,51,inf,inf,inf,355.1408171415953,inf
28,52,inf,inf,inf,518.2470453364881,inf
28,53,inf,inf,inf,837.68311430994,inf
28,54,inf,inf,inf,775.2838189979203,inf
28,55,inf,inf,inf,749.5365234596644,inf
28,56,inf,inf,inf,635.4754125849403,inf
28,57,inf,inf,inf,606.704211292455,inf
28,58,inf,inf,inf,690.9703322140539,inf
28,59,inf,inf,inf,824.2633074448966,inf
28,60,inf,inf,inf,747.9659083140086,inf
28,61,inf,inf,inf,779.2335978382862,inf
28,62,inf,inf,inf,212.8497122384712,inf
28,63,inf,inf,inf,672.6254529825644,inf
28,64,inf,inf,inf,615.3251173160413,inf
28,65,inf,inf,inf,641.049920053033,inf
28,66,inf,inf,inf,479.517465792436,inf
28,67,inf,inf,inf,636.9654621720082,inf
29,30,inf,inf,inf,736.7414743313966,inf
29,31,inf,inf,inf,576.1258543061576,inf
29,32,inf,inf,inf,895.0016759760845,inf
29,33,inf,inf,inf,535.8404613315422,inf
29,34,inf,inf,inf,955.4894033949304,inf
29,35,inf,inf,inf,426.09388636778164,inf
29,36,inf,inf,inf,707.1386002757876,inf
29,37,inf,inf,inf,885.7956875036139,inf
29,38,inf,inf,inf,609.242972876996,inf
29,39,inf,inf,inf,743.2428943488125,inf
29,40,inf,inf,inf,428.5090430784396,inf
29,41,inf,inf,inf,232.65854809140367,inf
29,42,inf,inf,inf,610.7348033312004,inf
29,43,inf,inf,inf,646.3574862256954,inf
29,44,inf,inf,inf,377.7631533117014,inf
29,45,inf,inf,inf,539.5600059307584,inf
29,46,inf,inf,inf,773.0103492192068,inf
29,47,inf,inf,inf,388.4765115164622,inf
29,48,inf,inf,inf,775.2580215644338,inf
29,49,inf,inf,inf,1034.9053096781367,inf
29,50,inf,inf,inf,464.8440598738463,inf
29,51,inf,inf,inf,567.4266472417382,inf
29,52,inf,inf,inf,550.2453997990351,inf
29,53,inf,inf,inf,953.4972469808185,inf
29,54,inf,inf,inf,1006.3105882380449,inf
29,55,inf,inf,inf,950.8969449945668,inf
29,56,inf,inf,inf,513.428670800531,inf
29,57,inf,inf,inf,388.0463889794621,inf
29,58,inf,inf,inf,908.4107000690822,inf
29,59,inf,inf,inf,1042.5545549274627,inf
29,60,inf,inf,inf,767.8131283066213,inf
29,61,inf,inf,inf,880.4118354497514,inf
29,62,inf,inf,inf,400.1262300824579,inf
29,63,inf,inf,inf,750.1126582054192,inf
29,64,inf,inf,inf,828.7418174558346,inf
29,65,inf,inf,inf,454.4062059435368,inf
29,66,inf,inf,inf,661.7439081699204,inf
29,67,inf,inf,inf,461.72827507095553,inf
30,31,inf,inf,inf,1291.9957430270426,inf
30,32,inf,inf,inf,1007.6586723687739,inf
30,33,inf,inf,inf,226.05530296810116,inf
30,34,inf,inf,inf,1217.47443504987,inf
30,35,inf,inf,inf,1062.020715428847,inf
30,36,inf,inf,inf,1330.6949312295437,inf
30,37,inf,inf,inf,607.2841180205522,inf
30,38,inf,inf,inf,600.903486426897,inf
30,39,inf,inf,inf,819.7328833223662,inf
30,40,inf,inf,inf,1032.3913986468503,inf
30,41,inf,inf,inf,510.907036553618,inf
30,42,inf,inf,inf,780.8796322097279,inf
30,43,inf,inf,inf,608.9745479082028,inf
30,44,inf,inf,inf,1098.4885069949526,inf
30,45,inf,inf,inf,736.774728122511,inf
30,46,inf,inf,inf,462.6499756835614,inf
30,47,inf,inf,inf,1117.01119063329,inf
30,48,inf,inf,inf,696.6039046689302,inf
30,49,inf,inf,inf,626.5053870478689,inf
30,50,inf,inf,inf,1193.7319632145234,inf
30,51,inf,inf,inf,623.9366955068439,inf
30,52,inf,inf,inf,1037.39384999141,inf
30,53,inf,inf,inf,1210.428436546333,inf
30,54,inf,inf,inf,537.9526001424289,inf
30,55,inf,inf,inf,263.09884074240995,inf
30,56,inf,inf,inf,777.2676501694896,inf
30,57,inf,inf,inf,1119.4177057738545,inf
30,58,inf,inf,inf,769.3802700875556,inf
30,59,inf,inf,inf,857.6456144585594,inf
30,60,inf,inf,inf,1255.2517675749355,inf
30,61,inf,inf,inf,1185.3358173952224,inf
30,62,inf,inf,inf,649.2865315097796,inf
30,63,inf,inf,inf,324.5134820003631,inf
30,64,inf,inf,inf,746.1749124702599,inf
30,65,inf,inf,inf,922.6055495172354,inf
30,66,inf,inf,inf,97.51410154434076,inf
30,67,inf,inf,inf,893.2172188219392,inf
31,32,inf,inf,inf,1010.7685194939542,inf
31,33,inf,inf,inf,1073.9320276442081,inf
31,34,inf,inf,inf,915.3627696165056,inf
31,35,inf,inf,inf,592.0785420871119,inf
31,36,inf,inf,inf,306.45391170614874,inf
31,37,inf,inf,inf,1254.7051446455457,inf
31,38,inf,inf,inf,1141.2712210513328,inf
31,39,inf,inf,inf,957.0668733165933,inf
31,40,inf,inf,inf,643.2052549536578,inf
31,41,inf,inf,inf,806.7050266361305,inf
31,42,inf,inf,inf,834.1858306156968,inf
31,43,inf,inf,inf,987.6198661428394,inf
31,44,inf,inf,inf,198.36330305779848,inf
31,45,inf,inf,inf,1019.7068206107086,inf
31,46,inf,inf,inf,1193.6967789183316,inf
31,47,inf,inf,inf,194.17775361765828,inf
31,48,inf,inf,inf,1076.0752761772756,inf
31,49,inf,inf,inf,1430.178310561309,inf
31,50,inf,inf,inf,323.0371495664237,inf
31,51,inf,inf,inf,901.3989128016518,inf
31,52,inf,inf,inf,501.8615346886031,inf
31,53,inf,inf,inf,919.0103372650386,inf
31,54,inf,inf,inf,1434.8142736953798,inf
31,55,inf,inf,inf,1474.5772275469333,inf
31,56,inf,inf,inf,971.7458515476153,inf
31,57,inf,inf,inf,324.01388859121454,inf
31,58,inf,inf,inf,1193.663687979156,inf
31,59,inf,inf,inf,1315.0380222639951,inf
31,60,inf,inf,inf,557.1086070058512,inf
31,61,inf,inf,inf,828.7882721177949,inf
31,62,inf,inf,inf,745.1509914104657,inf
31,63,inf,inf,inf,1325.199607606341,inf
31,64,inf,inf,inf,1109.3151040168884,inf
31,65,inf,inf,inf,803.7536936151522,inf
31,66,inf,inf,inf,1206.939932225295,inf
31,67,inf,inf,inf,837.5320889374926,inf
32,33,inf,inf,inf,836.5578282462008,inf
32,34,inf,inf,inf,256.632032295269,inf
32,35,inf,inf,inf,1292.5014506761686,inf
32,36,inf,inf,inf,802.59890356267,inf
32,37,inf,inf,inf,503.47790418249735,inf
32,38,inf,inf,inf,1355.3733802904644,inf
32,39,inf,inf,inf,192.37983262286096,inf
32,40,inf,inf,inf,1309.097398973812,inf
32,41,inf,inf,inf,913.3465935777064,inf
32,42,inf,inf,inf,292.85662020859286,inf
32,43,inf,inf,inf,400.6320007188642,inf
32,44,inf,inf,inf,933.5207549915534,inf
32,45,inf,inf,inf,1369.1329373001001,inf
32,46,inf,inf,inf,581.7877619888545,inf
32,47,inf,inf,inf,974.766638739755,inf
32,48,inf,inf,inf,323.48261158832014,inf
32,49,inf,inf,inf,654.404309276765,inf
32,50,inf,inf,inf,1185.8381002480903,inf
32,51,inf,inf,inf,412.3117752381079,inf
32,52,inf,inf,inf,508.99312372565504,inf
32,53,inf,inf,inf,247.51767613647314,inf
32,54,inf,inf,inf,722.872741220749,inf
32,55,inf,inf,inf,994.3022679245985,inf
32,56,inf,inf,inf,1364.232018389834,inf
32,57,inf,inf,inf,1121.7593324773368,inf
32,58,inf,inf,inf,329.1230772826482,inf
32,59,inf,inf,inf,384.4008324652797,inf
32,60,inf,inf,inf,547.7818909018442,inf
32,61,inf,inf,inf,282.25697511310506,inf
32,62,inf,inf,inf,516.1521093631218,inf
32,63,inf,inf,inf,1270.6805263322485,inf
32,64,inf,inf,inf,292.0975864330276,inf
32,65,inf,inf,inf,1347.9350874578492,inf
32,66,inf,inf,inf,918.0441165869971,inf
32,67,inf,inf,inf,1351.229440176612,inf
33,34,inf,inf,inf,1025.0878011175432,inf
33,35,inf,inf,inf,903.1572399089762,inf
33,36,inf,inf,inf,1104.653791918536,inf
33,37,inf,inf,inf,527.3755777432247,inf
33,38,inf,inf,inf,588.3961250722169,inf
33,39,inf,inf,inf,644.3143642663882,inf
33,40,inf,inf,inf,881.989228959175,inf
33,41,inf,inf,inf,329.3584673270144,inf
33,42,inf,inf,inf,582.5873325090411,inf
33,43,inf,inf,inf,438.65818127558043,inf
33,44,inf,inf,inf,883.3855330488495,inf
33,45,inf,inf,inf,676.6653530364918,inf
33,46,inf,inf,inf,375.3531670307312,inf
33,47,inf,inf,inf,904.5910678312051,inf
33,48,inf,inf,inf,551.4526271584895,inf
33,49,inf,inf,inf,610.5735008989499,inf
33,50,inf,inf,inf,1000.0784969191169,inf
33,51,inf,inf,inf,431.010440708807,inf
33,52,inf,inf,inf,813.8949563672206,inf
33,53,inf,inf,inf,1018.7178215776928,inf
33,54,inf,inf,inf,547.0082266291797,inf
33,55,inf,inf,inf,415.24932269661804,inf
33,56,inf,inf,inf,701.9886038961032,inf
33,57,inf,inf,inf,923.7017917055266,inf
33,58,inf,inf,inf,652.0713151182161,inf
33,59,inf,inf,inf,763.6916917185888,inf
33,60,inf,inf,inf,1034.5414443124064,inf
33,61,inf,inf,inf,984.8857801796105,inf
33,62,inf,inf,inf,428.3223085481306,inf
33,63,inf,inf,inf,434.1842926684474,inf
33,64,inf,inf,inf,607.7910825275409,inf
33,65,inf,inf,inf,803.6479328661277,inf
33,66,inf,inf,inf,133.75350462698165,inf
33,67,inf,inf,inf,782.0038363077256,inf
34,35,inf,inf,inf,1307.0348120842077,inf
34,36,inf,inf,inf,654.6182093403758,inf
34,37,inf,inf,inf,756.5883953643487,inf
34,38,inf,inf,inf,1488.1911839545348,inf
34,39,inf,inf,inf,407.3843394142686,inf
34,40,inf,inf,inf,1333.664125632837,inf
34,41,inf,inf,inf,1031.5977898386561,inf
34,42,inf,inf,inf,442.7967931229855,inf
34,43,inf,inf,inf,612.694050893266,inf
34,44,inf,inf,inf,888.540938843,inf
34,45,inf,inf,inf,1473.2674570491265,inf
34,46,inf,inf,inf,820.7466113241042,inf
34,47,inf,inf,inf,929.3363223290048,inf
34,48,inf,inf,inf,565.4599897428641,inf
34,49,inf,inf,inf,910.9231581203762,inf
34,50,inf,inf,inf,1148.6966527330007,inf
34,51,inf,inf,inf,595.6148084122825,inf
34,52,inf,inf,inf,449.67766233158613,inf
34,53,inf,inf,inf,9.219544457292887,inf
34,54,inf,inf,inf,977.5914279493248,inf
34,55,inf,inf,inf,1233.056770793624,inf
34,56,inf,inf,inf,1458.3473523135701,inf
34,57,inf,inf,inf,1096.038320497965,inf
34,58,inf,inf,inf,585.6227454599078,inf
34,59,inf,inf,inf,634.0031545662845,inf
34,60,inf,inf,inf,376.80897016923575,inf
34,61,inf,inf,inf,87.20665112249179,inf
34,62,inf,inf,inf,638.8027864685627,inf
34,63,inf,inf,inf,1452.615916200838,inf
34,64,inf,inf,inf,542.9521157523931,inf
34,65,inf,inf,inf,1405.3629424458295,inf
34,66,inf,inf,inf,1123.3098414952128,inf
34,67,inf,inf,inf,1416.2122016138683,inf
35,36,inf,inf,inf,861.0023228772383,inf
35,37,inf,inf,inf,1309.5777945582308,inf
35,38,inf,inf,inf,667.0089954415907,inf
35,39,inf,inf,inf,1157.0730314029447,inf
35,40,inf,inf,inf,55.78530272392541,inf
35,41,inf,inf,inf,574.6042116100438,inf
35,42,inf,inf,inf,1021.4014881524307,inf
35,43,inf,inf,inf,1072.3329706765526,inf
35,44,inf,inf,inf,465.95815262746504,inf
35,45,inf,inf,inf,503.0834920766135,inf
35,46,inf,inf,inf,1190.4238740885535,inf
35,47,inf,inf,inf,436.2499283667563,inf
35,48,inf,inf,inf,1200.3903531768321,inf
35,49,inf,inf,inf,1452.979352915932,inf
35,50,inf,inf,inf,281.7445651649735,inf
35,51,inf,inf,inf,992.4641051443624,inf
35,52,inf,inf,inf,861.9617160872053,inf
35,53,inf,inf,inf,1307.0061208731963,inf
35,54,inf,inf,inf,1416.6245091766555,inf
35,55,inf,inf,inf,1307.9774462887347,inf
35,56,inf,inf,inf,444.25330612163145,inf
35,57,inf,inf,inf,268.9386547151599,inf
35,58,inf,inf,inf,1333.5853928414183,inf
35,59,inf,inf,inf,1467.756110530629,inf
35,60,inf,inf,inf,1033.1819781626082,inf
35,61,inf,inf,inf,1223.8353647447846,inf
35,62,inf,inf,inf,822.0687319196613,inf
35,63,inf,inf,inf,952.6620597042794,inf
35,64,inf,inf,inf,1252.9904229482363,inf
35,65,inf,inf,inf,238.64827675891564,inf
35,66,inf,inf,inf,1009.4577752437197,inf
35,67,inf,inf,inf,279.8660393831306,inf
36,37,inf,inf,inf,1148.5473433864188,inf
36,38,inf,inf,inf,1314.404047467901,inf
36,39,inf,inf,inf,801.6090069354261,inf
36,40,inf,inf,inf,906.4794537108935,inf
36,41,inf,inf,inf,909.1144042418424,inf
36,42,inf,inf,inf,705.013475048527,inf
36,43,inf,inf,inf,894.2309545078385,inf
36,44,inf,inf,inf,398.81073205218536,inf
36,45,inf,inf,inf,1222.4696315246445,inf
36,46,inf,inf,inf,1124.0507105998377,inf
36,47,inf,inf,inf,424.97176376790026,inf
36,48,inf,inf,inf,949.5472605405167,inf
36,49,inf,inf,inf,1327.748470155398,inf
36,50,inf,inf,inf,615.5883364717041,inf
36,51,inf,inf,inf,817.6319465382942,inf
36,52,inf,inf,inf,338.178946713127,inf
36,53,inf,inf,inf,659.946967566334,inf
36,54,inf,inf,inf,1353.3550901371007,inf
36,55,inf,inf,inf,1467.3527183332574,inf
36,56,inf,inf,inf,1183.178769248333,inf
36,57,inf,inf,inf,596.2424003708559,inf
36,58,inf,inf,inf,1047.2101030834262,inf
36,59,inf,inf,inf,1152.6773182465247,inf
36,60,inf,inf,inf,278.3522947633089,inf
36,61,inf,inf,inf,572.5906041841763,inf
36,62,inf,inf,inf,702.09970801874,inf
36,63,inf,inf,inf,1434.0320777444276,inf
36,64,inf,inf,inf,968.5876315543163,inf
36,65,inf,inf,inf,1045.2990002865208,inf
36,66,inf,inf,inf,1236.7093433786292,inf
36,67,inf,inf,inf,1073.0899309936704,inf
37,38,inf,inf,inf,1115.6455530319654,inf
37,39,inf,inf,inf,373.01474501686926,inf
37,40,inf,inf,inf,1304.7612808479564,inf
37,41,inf,inf,inf,773.3666659483068,inf
37,42,inf,inf,inf,443.71725231277634,inf
37,43,inf,inf,inf,267.2901045680517,inf
37,44,inf,inf,inf,1108.195379885695,inf
37,45,inf,inf,inf,1192.6378327053021,inf
37,46,inf,inf,inf,152.88230767489088,inf
37,47,inf,inf,inf,1143.372205364465,inf
37,48,inf,inf,inf,206.196508214858,inf
37,49,inf,inf,inf,179.2344832893492,inf
37,50,inf,inf,inf,1311.1163182570797,inf
37,51,inf,inf,inf,354.37973982720854,inf
37,52,inf,inf,inf,810.4566613952902,inf
37,53,inf,inf,inf,747.7412654120408,inf
37,54,inf,inf,inf,222.50617968946392,inf
37,55,inf,inf,inf,514.1021299313979,inf
37,56,inf,inf,inf,1210.1491643595016,inf
37,57,inf,inf,inf,1234.8157757333684,inf
37,58,inf,inf,inf,186.2149295840696,inf
37,59,inf,inf,inf,250.4595775769016,inf
37,60,inf,inf,inf,957.2653759538157,inf
37,61,inf,inf,inf,761.9481609663482,inf
37,62,inf,inf,inf,523.0152961434302,inf
37,63,inf,inf,inf,920.8653538927393,inf
37,64,inf,inf,inf,214.02102700435768,inf
37,65,inf,inf,inf,1273.2183630469676,inf
37,66,inf,inf,inf,542.2001475470105,inf
37,67,inf,inf,inf,1260.5018841715391,inf
38,39,inf,inf,inf,1168.7998117727432,inf
38,40,inf,inf,inf,617.090755075783,inf
38,41,inf,inf,inf,457.78706840626245,inf
38,42,inf,inf,inf,1067.5551508001822,inf
38,43,inf,inf,inf,987.8486726214699,inf
38,44,inf,inf,inf,952.1848560022365,inf
38,45,inf,inf,inf,179.0474797365213,inf
38,46,inf,inf,inf,963.7447794929942,inf
38,47,inf,inf,inf,947.6523624198908,inf
38,48,inf,inf,inf,1115.753557018753,inf
38,49,inf,inf,inf,1189.5755545571706,inf
38,50,inf,inf,inf,907.0,inf
38,51,inf,inf,inf,948.187745122241,inf
38,52,inf,inf,inf,1139.2124472634594,inf
38,53,inf,inf,inf,1484.029649299501,inf
38,54,inf,inf,inf,1114.4038765187422,inf
38,55,inf,inf,inf,860.0430221797047,inf
38,56,inf,inf,inf,238.41560351621283,inf
38,57,inf,inf,inf,854.8362416275996,inf
38,58,inf,inf,inf,1229.4994916631726,inf
38,59,inf,inf,inf,1347.785220278068,inf
38,60,inf,inf,inf,1365.5160196790077,inf
38,61,inf,inf,inf,1426.1591776516393,inf
38,62,inf,inf,inf,851.803968058379,inf
38,63,inf,inf,inf,343.45596515419555,inf
38,64,inf,inf,inf,1174.410490416362,inf
38,65,inf,inf,inf,445.4660480889649,inf
38,66,inf,inf,inf,609.1863425914931,inf
38,67,inf,inf,inf,404.0792001575929,inf
39,40,inf,inf,inf,1167.7919335224062,inf
39,41,inf,inf,inf,734.4249451101181,inf
39,42,inf,inf,inf,136.69308687713507,inf
39,43,inf,inf,inf,210.78899402008636,inf
39,44,inf,inf,inf,846.4354671207959,inf
39,45,inf,inf,inf,1190.9764901122105,inf
39,46,inf,inf,inf,414.83611221782513,inf
39,47,inf,inf,inf,886.2053937998797,inf
39,48,inf,inf,inf,167.96725871431016,inf
39,49,inf,inf,inf,545.6051685972192,inf
39,50,inf,inf,inf,1084.6796762178224,inf
39,51,inf,inf,inf,221.60550534677608,inf
39,52,inf,inf,inf,471.03715352400815,inf
39,53,inf,inf,inf,399.4108160778824,inf
39,54,inf,inf,inf,594.4013795407948,inf
39,55,inf,inf,inf,826.0780834763746,inf
39,56,inf,inf,inf,1189.7281202022587,inf
39,57,inf,inf,inf,1014.8231373002884,inf
39,58,inf,inf,inf,245.60130292814003,inf
39,59,inf,inf,inf,358.42153953131776,inf
39,60,inf,inf,inf,588.4802460575886,inf
39,61,inf,inf,inf,396.4605907275022,inf
39,62,inf,inf,inf,347.47230105434306,inf
39,63,inf,inf,inf,1078.3770212685358,inf
39,64,inf,inf,inf,169.49631264425784,inf
39,65,inf,inf,inf,1189.2691032730986,inf
39,66,inf,inf,inf,728.5444392760129,inf
39,67,inf,inf,inf,1189.0117745422035,inf
40,41,inf,inf,inf,556.0089927330313,inf
40,42,inf,inf,inf,1033.12390350819,inf
40,43,inf,inf,inf,1073.5744035696828,inf
40,44,inf,inf,inf,509.1414341811124,inf
40,45,inf,inf,inf,450.45865515050326,inf
40,46,inf,inf,inf,1181.4673080538455,inf
40,47,inf,inf,inf,481.5828070020773,inf
40,48,inf,inf,inf,1203.4637510120526,inf
40,49,inf,inf,inf,1443.723311441635,inf
40,50,inf,inf,inf,336.5055720192461,inf
40,51,inf,inf,inf,995.7655346516066,inf
40,52,inf,inf,inf,891.9024610348376,inf
40,53,inf,inf,inf,1333.2925410426626,inf
40,54,inf,inf,inf,1403.8080353096716,inf
40,55,inf,inf,inf,1282.0144304960065,inf
40,56,inf,inf,inf,391.07671881614226,inf
40,57,inf,inf,inf,319.24911902775864,inf
40,58,inf,inf,inf,1336.542554503971,inf
40,59,inf,inf,inf,1470.6257171693958,inf
40,60,inf,inf,inf,1070.0602786759257,inf
40,61,inf,inf,inf,1251.5210745329061,inf
40,62,inf,inf,inf,828.1261981123408,inf
40,63,inf,inf,inf,910.0906548251114,inf
40,64,inf,inf,inf,1257.214778786823,inf
40,65,inf,inf,inf,183.53473785635242,inf
40,66,inf,inf,inf,983.780971558202,inf
40,67,inf,inf,inf,225.14217730136662,inf
41,42,inf,inf,inf,621.2028654151557,inf
41,43,inf,inf,inf,580.2378822517537,inf
41,44,inf,inf,inf,608.6386448460203,inf
41,45,inf,inf,inf,456.5796754127367,inf
41,46,inf,inf,inf,637.9130034730441,inf
41,47,inf,inf,inf,620.9315582252202,inf
41,48,inf,inf,inf,714.3815507136225,inf
41,49,inf,inf,inf,897.1850422293052,inf
41,50,inf,inf,inf,682.8250141873832,inf
41,51,inf,inf,inf,521.9434835305448,inf
41,52,inf,inf,inf,690.9066507133941,inf
41,53,inf,inf,inf,1027.6677478640652,inf
41,54,inf,inf,inf,850.7673007350483,inf
41,55,inf,inf,inf,740.3546447480423,inf
41,56,inf,inf,inf,457.2931226248652,inf
41,57,inf,inf,inf,608.7051831551954,inf
41,58,inf,inf,inf,841.486779456457,inf
41,59,inf,inf,inf,971.2270589311235,inf
41,60,inf,inf,inf,920.0983643067734,inf
41,61,inf,inf,inf,968.4818015843148,inf
41,62,inf,inf,inf,399.89123521277634,inf
41,63,inf,inf,inf,526.9013190342191,inf
41,64,inf,inf,inf,772.7386362800814,inf
41,65,inf,inf,inf,500.35687264191745,inf
41,66,inf,inf,inf,443.87948814965534,inf
41,67,inf,inf,inf,487.2217154438008,inf
42,43,inf,inf,inf,203.79646709401024,inf
42,44,inf,inf,inf,714.3178564196754,inf
42,45,inf,inf,inf,1076.4850207968525,inf
42,46,inf,inf,inf,438.9829153850979,inf
42,47,inf,inf,inf,753.5549084174291,inf
42,48,inf,inf,inf,246.45486402179202,inf
42,49,inf,inf,inf,622.8322406555396,inf
42,50,inf,inf,inf,949.2802536659024,inf
42,51,inf,inf,inf,157.48650735856708,inf
42,52,inf,inf,inf,367.1961328772404,inf
42,53,inf,inf,inf,436.64401976896465,inf
42,54,inf,inf,inf,653.5028691597306,inf
42,55,inf,inf,inf,830.7875781449792,inf
42,56,inf,inf,inf,1071.3972185888854,inf
42,57,inf,inf,inf,878.8589192811324,inf
42,58,inf,inf,inf,359.5177325251148,inf
42,59,inf,inf,inf,483.8109134775693,inf
42,60,inf,inf,inf,525.4217353707401,inf
42,61,inf,inf,inf,404.534300152657,inf
42,62,inf,inf,inf,223.32935319836486,inf
42,63,inf,inf,inf,1010.1980003939822,inf
42,64,inf,inf,inf,275.17630711963557,inf
42,65,inf,inf,inf,1060.2348796375263,inf
42,66,inf,inf,inf,685.0941541131409,inf
42,67,inf,inf,inf,1061.773045429201,inf
43,44,inf,inf,inf,841.9958432201432,inf
43,45,inf,inf,inf,1029.784929002168,inf
43,46,inf,inf,inf,235.5949914577982,inf
43,47,inf,inf,inf,877.7607874586333,inf
43,48,inf,inf,inf,134.30189872075525,inf
43,49,inf,inf,inf,443.06771491500035,inf
43,50,inf,inf,inf,1051.4494757238695,inf
43,51,inf,inf,inf,87.6184911990614,inf
43,52,inf,inf,inf,557.0960419891709,inf
43,53,inf,inf,inf,605.1917051645702,inf
43,54,inf,inf,inf,459.2962007245433,inf
43,55,inf,inf,inf,630.8890552228656,inf
43,56,inf,inf,inf,1036.2070256469024,inf
43,57,inf,inf,inf,976.1485542682527,inf
43,58,inf,inf,inf,264.7564918939666,inf
43,59,inf,inf,inf,398.0276372313862,inf
43,60,inf,inf,inf,728.7503001714648,inf
43,61,inf,inf,inf,590.3736105213376,inf
43,62,inf,inf,inf,260.98467387952115,inf
43,63,inf,inf,inf,872.4958452623141,inf
43,64,inf,inf,inf,192.50194804209124,inf
43,65,inf,inf,inf,1065.6082769948814,inf
43,66,inf,inf,inf,517.8889842427621,inf
43,67,inf,inf,inf,1059.016997030737,inf
44,45,inf,inf,inf,840.7008980606598,inf
44,46,inf,inf,inf,1032.2887193028896,inf
44,47,1.0,43.4853,43.48528137423857,41.43669871020132,1.0494388483591457
44,48,inf,inf,inf,944.3781022450701,inf
44,49,inf,inf,inf,1278.937840553637,inf
44,50,inf,inf,inf,260.155722597063,inf
44,51,inf,inf,inf,754.4030752853544,inf
44,52,inf,inf,inf,441.3671940686122,inf
44,53,inf,inf,inf,890.2718685884666,inf
44,54,inf,inf,inf,1274.4536084142098,inf
44,55,inf,inf,inf,1289.3820225208665,inf
44,56,inf,inf,inf,796.659274721634,inf
44,57,inf,inf,inf,213.50644018389704,inf
44,58,inf,inf,inf,1069.6452683015991,inf
44,59,inf,inf,inf,1197.4994780792183,inf
44,60,inf,inf,inf,576.1892050359847,inf
44,61,inf,inf,inf,801.8541014424009,inf
44,62,inf,inf,inf,587.0076660487493,inf
44,63,inf,inf,inf,1127.0536810640388,inf
44,64,inf,inf,inf,984.4104834874526,inf
44,65,inf,inf,inf,647.6109943476871,inf
44,66,inf,inf,inf,1015.4900294931507,inf
44,67,inf,inf,inf,676.8042553057716,inf
45,46,inf,inf,inf,1045.0043062112231,inf
45,47,inf,inf,inf,829.8825218065506,inf
45,48,inf,inf,inf,1162.6211764801121,inf
45,49,inf,inf,inf,1287.2373518508543,inf
45,50,inf,inf,inf,759.7137618866727,inf
45,51,inf,inf,inf,976.889963097175,inf
45,52,inf,inf,inf,1088.7887765769815,inf
45,53,inf,inf,inf,1470.1272053805412,inf
45,54,inf,inf,inf,1220.7940039171228,inf
45,55,inf,inf,inf,999.7699735439147,inf
45,56,inf,inf,inf,60.728905802755904,inf
45,57,inf,inf,inf,715.6821920377787,inf
45,58,inf,inf,inf,1285.1089447980664,inf
45,59,inf,inf,inf,1410.532169076622,inf
45,60,inf,inf,inf,1307.2505498182052,inf
45,61,inf,inf,inf,1404.178051388071,inf
45,62,inf,inf,inf,853.7634332764551,inf
45,63,inf,inf,inf,514.7737367038065,inf
45,64,inf,inf,inf,1221.4884362940159,inf
45,65,inf,inf,inf,271.93013808697265,inf
45,66,inf,inf,inf,726.5548843686896,inf
45,67,inf,inf,inf,229.68238939892626,inf
46,47,inf,inf,inf,1064.552957818445,inf
46,48,inf,inf,inf,258.3215051055564,inf
46,49,inf,inf,inf,262.56046922566236,inf
46,50,inf,inf,inf,1216.2865616292897,inf
46,51,inf,inf,inf,306.4245420980506,inf
46,52,inf,inf,inf,788.9898605178649,inf
46,53,inf,inf,inf,812.4949230610614,inf
46,54,inf,inf,inf,242.1652328473268,inf
46,55,inf,inf,inf,413.01089574005186,inf
46,56,inf,inf,inf,1064.748796665204,inf
46,57,inf,inf,inf,1138.8700540447976,inf
46,58,inf,inf,inf,307.6897788357618,inf
46,59,inf,inf,inf,398.503450424209,inf
46,60,inf,inf,inf,964.2707088779582,inf
46,61,inf,inf,inf,810.364115691212,inf
46,62,inf,inf,inf,448.60004458314535,inf
46,63,inf,inf,inf,770.7671503119474,inf
46,64,inf,inf,inf,296.70861126701396,inf
46,65,inf,inf,inf,1138.0070298552641,inf
46,66,inf,inf,inf,392.02040763205173,inf
46,67,inf,inf,inf,1122.97640224539,inf
47,48,inf,inf,inf,981.9557016485011,inf
47,49,inf,inf,inf,1313.0594045967607,inf
47,50,inf,inf,inf,219.5130975591206,inf
47,51,inf,inf,inf,790.1423922306662,inf
47,52,inf,inf,inf,482.59714048054616,inf
47,53,inf,inf,inf,931.137476423326,inf
47,54,inf,inf,inf,1306.6480015673694,inf
47,55,inf,inf,inf,1313.1873438317932,inf
47,56,inf,inf,inf,783.8501132231851,inf
47,57,inf,inf,inf,177.00282483621552,inf
47,58,inf,inf,inf,1107.942236761466,inf
47,59,inf,inf,inf,1236.3211556873077,inf
47,60,inf,inf,inf,613.3163946936361,inf
47,61,inf,inf,inf,842.5704718301016,inf
47,62,inf,inf,inf,621.1803280851705,inf
47,63,inf,inf,inf,1134.1926644093587,inf
47,64,inf,inf,inf,1022.7145251730807,inf
47,65,inf,inf,inf,627.0127590408348,inf
47,66,inf,inf,inf,1035.8189996326578,inf
47,67,inf,inf,inf,657.8791682368427,inf
48,49,inf,inf,inf,382.1675025430603,inf
48,50,inf,inf,inf,1165.4531307607356,inf
48,51,inf,inf,inf,207.92787210953705,inf
48,52,inf,inf,inf,612.6867062373722,inf
48,53,inf,inf,inf,556.9865348462205,inf
48,54,inf,inf,inf,426.6169241837459,inf
48,55,inf,inf,inf,671.085687524328,inf
48,56,inf,inf,inf,1169.929912430655,inf
48,57,inf,inf,inf,1091.5882923520205,inf
48,58,inf,inf,inf,133.19534526401438,inf
48,59,inf,inf,inf,267.36678926149375,inf
48,60,inf,inf,inf,751.3614310037481,inf
48,61,inf,inf,inf,562.2277118748239,inf
48,62,inf,inf,inf,380.74663491618674,inf
48,63,inf,inf,inf,980.5508655852586,inf
48,64,inf,inf,inf,58.9406481131655,inf
48,65,inf,inf,inf,1199.3039648062538,inf
48,66,inf,inf,inf,612.3806006071715,inf
48,67,inf,inf,inf,1193.0942963571656,inf
49,50,inf,inf,inf,1473.3027523221424,inf
49,51,inf,inf,inf,528.7816184399757,inf
49,52,inf,inf,inf,989.6792409664861,inf
49,53,inf,inf,inf,901.8436671618867,inf
49,54,2.0,130.50969999999998,130.50966799187796,100.56838469419701,1.297720634459078
49,55,inf,inf,inf,459.2341450719883,inf
49,56,inf,inf,inf,1311.5929246530725,inf
49,57,inf,inf,inf,1396.2610787385001,inf
49,58,inf,inf,inf,325.3013987058771,inf
49,59,inf,inf,inf,318.28446396266344,inf
49,60,inf,inf,inf,1133.054279370587,inf
49,61,inf,inf,inf,924.8999945940102,inf
49,62,inf,inf,inf,691.9682073621591,inf
49,63,inf,inf,inf,950.9090387623834,inf
49,64,inf,inf,inf,379.11739606617897,inf
49,65,inf,inf,inf,1395.9978510012113,inf
49,66,inf,inf,inf,585.8207917102294,inf
49,67,inf,inf,inf,1379.3077974114408,inf
50,51,inf,inf,inf,964.7823588768609,inf
50,52,inf,inf,inf,701.0577722270826,inf
50,53,inf,inf,inf,1150.417750210766,inf
50,54,inf,inf,inf,1455.6665140065563,inf
50,55,inf,inf,inf,1415.3179854718162,inf
50,56,inf,inf,inf,704.7957150834559,inf
50,57,inf,inf,inf,77.79460135510689,inf
50,58,inf,inf,inf,1295.2412902621659,inf
50,59,inf,inf,inf,1426.573517208279,inf
50,60,inf,inf,inf,828.5173504519987,inf
50,61,inf,inf,inf,1061.9967043263364,inf
50,62,inf,inf,inf,790.5017394035259,inf
50,63,inf,inf,inf,1150.3760254803644,inf
50,64,inf,inf,inf,1210.5391360877186,inf
50,65,inf,inf,inf,512.6763111359837,inf
50,66,inf,inf,inf,1123.69435346094,inf
50,67,inf,inf,inf,551.2395123718909,inf
51,52,inf,inf,inf,483.03726564313854,inf
51,53,inf,inf,inf,588.9550067704663,inf
51,54,inf,inf,inf,539.5739059665506,inf
51,55,inf,inf,inf,679.2127796206429,inf
51,56,inf,inf,inf,979.2006944441982,inf
51,57,inf,inf,inf,889.7668233868916,inf
51,58,inf,inf,inf,341.1231449198368,inf
51,59,inf,inf,inf,475.29464545689973,inf
51,60,inf,inf,inf,668.0254486170419,inf
51,61,inf,inf,inf,561.4712815451918,inf
51,62,inf,inf,inf,174.95713760804387,inf
51,63,inf,inf,inf,862.9310517069136,inf
51,64,inf,inf,inf,261.72504656604804,inf
51,65,inf,inf,inf,996.1626373238458,inf
51,66,inf,inf,inf,528.6132801964022,inf
51,67,inf,inf,inf,991.8165152889924,inf
52,53,inf,inf,inf,450.7782159776579,inf
52,54,inf,inf,inf,1015.7524304671882,inf
52,55,inf,inf,inf,1147.7181709810122,inf
52,56,inf,inf,inf,1063.6319852279735,inf
52,57,inf,inf,inf,646.5678618675691,inf
52,58,inf,inf,inf,715.5221869376239,inf
52,59,inf,inf,inf,827.7982846080317,inf
52,60,inf,inf,inf,229.87170334775874,inf
52,61,inf,inf,inf,364.17715469260287,inf
52,62,inf,inf,inf,389.41622975936684,inf
52,63,inf,inf,inf,1189.4456692089807,inf
52,64,inf,inf,inf,634.7164721353937,inf
52,65,inf,inf,inf,980.522819724253,inf
52,66,inf,inf,inf,940.6088453762276,inf
52,67,inf,inf,inf,996.6368445928537,inf
53,54,inf,inf,inf,968.6691901779471,inf
53,55,inf,inf,inf,1224.9024450951185,inf
53,56,inf,inf,inf,1455.5583121263126,inf
53,57,inf,inf,inf,1097.2971338703114,inf
53,58,inf,inf,inf,576.5422794557221,inf
53,59,inf,inf,inf,624.7887643035845,inf
53,60,inf,inf,inf,382.4264635194589,inf
53,61,inf,inf,inf,90.2551937563706,inf
53,62,inf,inf,inf,634.1372091274884,inf
53,63,inf,inf,inf,1446.6658218123493,inf
53,64,inf,inf,inf,534.1610244111788,inf
53,65,inf,inf,inf,1403.8575426303055,inf
53,66,inf,inf,inf,1116.395987094185,inf
53,67,inf,inf,inf,1414.4426464158948,inf
54,55,inf,inf,inf,359.01253460011674,inf
54,56,inf,inf,inf,1248.481477635932,inf
54,57,inf,inf,inf,1378.0613193903964,inf
54,58,inf,inf,inf,396.7177838211945,inf
54,59,inf,inf,inf,410.6494855713325,inf
54,60,inf,inf,inf,1174.380687852112,inf
54,61,inf,inf,inf,984.427752554752,inf
54,62,inf,inf,inf,690.131871456463,inf
54,63,inf,inf,inf,862.2122708474984,inf
54,64,inf,inf,inf,436.16510635308737,inf
54,65,inf,inf,inf,1344.8152289441105,inf
54,66,inf,inf,inf,506.06323715519983,inf
54,67,inf,inf,inf,1325.699815191961,inf
55,56,inf,inf,inf,1040.2941891599703,inf
55,57,inf,inf,inf,1338.8715397677254,inf
55,58,inf,inf,inf,698.9456345095805,inf
55,59,inf,inf,inf,750.4245465068424,inf
55,60,inf,inf,inf,1346.1485802094805,inf
55,61,inf,inf,inf,1219.061934439756,inf
55,62,inf,inf,inf,765.2894877103696,inf
55,63,inf,inf,inf,554.9234181398367,inf
55,64,inf,inf,inf,705.6415520645025,inf
55,65,inf,inf,inf,1181.2544179811562,inf
55,66,inf,inf,inf,298.5196810932237,inf
55,67,inf,inf,inf,1153.208567432622,inf
56,57,inf,inf,inf,663.3649071212616,inf
56,58,inf,inf,inf,1294.8347384898198,inf
56,59,inf,inf,inf,1422.2422437826829,inf
56,60,inf,inf,inf,1278.5616919022718,inf
56,61,inf,inf,inf,1387.1366190826338,inf
56,62,inf,inf,inf,848.0801848881979,inf
56,63,inf,inf,inf,569.2170060706197,inf
56,64,inf,inf,inf,1228.573970097039,inf
56,65,inf,inf,inf,211.4190152280537,inf
56,66,inf,inf,inf,760.8955250229824,inf
56,67,inf,inf,inf,169.09760495051373,inf
57,58,inf,inf,inf,1221.9828149364457,inf
57,59,inf,inf,inf,1353.8463723776047,inf
57,60,inf,inf,inf,789.6207950655809,inf
57,61,inf,inf,inf,1009.9628706046574,inf
57,62,inf,inf,inf,715.1678124748065,inf
57,63,inf,inf,inf,1085.5049516238976,inf
57,64,inf,inf,inf,1137.508241728384,inf
57,65,inf,inf,inf,483.03726564313854,inf
57,66,inf,inf,inf,1048.1340563115007,inf
57,67,inf,inf,inf,518.7918657804881,inf
58,59,inf,inf,inf,134.17153200288055,inf
58,60,inf,inf,inf,828.239699603925,inf
58,61,inf,inf,inf,601.8945090296139,inf
58,62,inf,inf,inf,513.4909931050398,inf
58,63,inf,inf,inf,1070.3013594310717,inf
58,64,inf,inf,inf,85.23496934944014,inf
58,65,inf,inf,inf,1330.1793112208595,inf
58,66,inf,inf,inf,693.8940841367651,inf
58,67,inf,inf,inf,1323.074072000506,inf
59,60,inf,inf,inf,918.6408438557476,inf
59,61,inf,inf,inf,666.6520831738246,inf
59,62,inf,inf,inf,647.3831940975916,inf
59,63,inf,inf,inf,1169.256601435288,inf
59,64,inf,inf,inf,216.6679487141557,inf
59,65,inf,inf,inf,1462.4722219584207,inf
59,66,inf,inf,inf,790.4713783559781,inf
59,67,inf,inf,inf,1454.6356932235644,inf
60,61,inf,inf,inf,296.70861126701396,inf
60,62,inf,inf,inf,606.3992084427551,inf
60,63,inf,inf,inf,1418.3624360508143,inf
60,64,inf,inf,inf,757.6397560846448,inf
60,65,inf,inf,inf,1178.51856158484,inf
60,66,inf,inf,inf,1157.8816865293277,inf
60,67,inf,inf,inf,1198.6400627377677,inf
61,62,inf,inf,inf,583.112339090848,inf
61,63,inf,inf,inf,1406.7679268450784,inf
61,64,inf,inf,inf,548.5344109534059,inf
61,65,inf,inf,inf,1327.5729735121909,inf
61,66,inf,inf,inf,1089.628377016678,inf
61,67,inf,inf,inf,1339.6305460835088,inf
62,63,inf,inf,inf,829.5444532995203,inf
62,64,inf,inf,inf,431.47421707443885,inf
62,65,inf,inf,inf,841.9323013164419,inf
62,66,inf,inf,inf,552.1177410661606,inf
62,67,inf,inf,inf,841.5759026968393,inf
63,64,inf,inf,inf,1035.0120772242226,inf
63,65,inf,inf,inf,759.1218611000477,inf
63,66,inf,inf,inf,378.81129866993143,inf
63,67,inf,inf,inf,721.2003882417147,inf
64,65,inf,inf,inf,1256.0573235326483,inf
64,66,inf,inf,inf,664.2077988099809,inf
64,67,inf,inf,inf,1250.3599481749245,inf
65,66,inf,inf,inf,888.020270038922,inf
65,67,inf,inf,inf,42.42640687119285,inf
66,67,inf,inf,inf,861.9350323545273,inf
