image_name,status,error
20051020_43808_0100_PP,ok,
20051020_43832_0100_PP,ok,
20051020_43882_0100_PP,ok,
20051020_43906_0100_PP,ok,
20051020_44261_0100_PP,ok,
20051020_44284_0100_PP,ok,
20051020_44338_0100_PP,ok,
20051020_44349_0100_PP,ok,
20051020_44400_0100_PP,ok,
20051020_44431_0100_PP,ok,
20051020_44598_0100_PP,ok,
20051020_44636_0100_PP,ok,
20051020_44692_0100_PP,ok,
20051020_44714_0100_PP,ok,
20051020_44762_0100_PP,ok,
20051020_44782_0100_PP,ok,
20051020_44901_0100_PP,ok,
20051020_44923_0100_PP,ok,
20051020_44982_0100_PP,ok,
20051020_45004_0100_PP,ok,
20051020_45050_0100_PP,ok,
20051020_45068_0100_PP,ok,
20051020_45110_0100_PP,ok,
20051020_45137_0100_PP,ok,
20051020_53062_0100_PP,ok,
20051020_53178_0100_PP,ok,
20051020_54209_0100_PP,ok,
20051020_55346_0100_PP,ok,
20051020_55701_0100_PP,ok,
20051020_56592_0100_PP,ok,
20051020_56791_0100_PP,ok,
20051020_57157_0100_PP,ok,
20051020_57566_0100_PP,ok,
20051020_57622_0100_PP,ok,
20051020_57761_0100_PP,ok,
20051020_57844_0100_PP,ok,
20051020_57967_0100_PP,ok,
20051020_58065_0100_PP,ok,
20051020_58214_0100_PP,ok,
20051020_58276_0100_PP,ok,
20051020_61757_0100_PP,ok,
20051020_61804_0100_PP,ok,
20051020_61998_0100_PP,ok,
20051020_62014_0100_PP,ok,
20051020_62337_0100_PP,ok,
20051020_62385_0100_PP,ok,
20051020_62461_0100_PP,ok,
20051020_62510_0100_PP,ok,
20051020_62577_0100_PP,ok,
20051020_62615_0100_PP,ok,
20051020_62709_0100_PP,ok,
20051020_62802_0100_PP,ok,
20051020_62878_0100_PP,ok,
20051020_63045_0100_PP,ok,
20051020_63269_0100_PP,ok,
20051020_63337_0100_PP,ok,
20051020_63711_0100_PP,ok,
20051020_63829_0100_PP,ok,
20051020_63936_0100_PP,ok,
20051020_64007_0100_PP,ok,
20051020_64249_0100_PP,ok,
20051020_64388_0100_PP,ok,
20051020_64518_0100_PP,ok,
20051020_64570_0100_PP,ok,
20051020_64653_0100_PP,ok,
20051020_64703_0100_PP,ok,
20051020_64775_0100_PP,ok,
20051020_64836_0100_PP,ok,
20051020_64945_0100_PP,ok,
20051020_64993_0100_PP,ok,
20051020_65166_0100_PP,ok,
20051020_65230_0100_PP,ok,
20051021_36097_0100_PP,ok,
20051021_36208_0100_PP,ok,
20051021_36380_0100_PP,ok,
20051021_36476_0100_PP,ok,
20051021_39222_0100_PP,ok,
20051021_39314_0100_PP,ok,
20051021_39482_0100_PP,ok,
20051021_39552_0100_PP,ok,
20051021_39661_0100_PP,ok,
20051021_39719_0100_PP,ok,
20051021_39845_0100_PP,ok,
20051021_39914_0100_PP,ok,
20051021_40018_0100_PP,ok,
20051021_40074_0100_PP,ok,
20051021_40180_0100_PP,ok,
20051021_40248_0100_PP,ok,
20051021_40377_0100_PP,ok,
20051021_40450_0100_PP,ok,
20051021_51418_0100_PP,ok,
20051021_51476_0100_PP,ok,
20051021_51561_0100_PP,ok,
20051021_51625_0100_PP,ok,
20051021_51748_0100_PP,ok,
20051021_51804_0100_PP,ok,
20051021_51936_0100_PP,ok,
20051021_51994_0100_PP,ok,
20051021_52075_0100_PP,ok,
20051021_52127_0100_PP,ok,
20051021_57798_0100_PP,ok,
20051021_57862_0100_PP,ok,
20051021_57975_0100_PP,ok,
20051021_58035_0100_PP,ok,
20051021_58178_0100_PP,ok,
20051021_58316_0100_PP,ok,
20051021_58388_0100_PP,ok,
20051021_58522_0100_PP,ok,
20051021_58683_0100_PP,ok,
20051021_58802_0100_PP,ok,
20051021_59136_0100_PP,ok,
20051021_59243_0100_PP,ok,
20051021_59459_0100_PP,ok,
20051021_59504_0100_PP,ok,
20051109_57451_0400_PP,ok,
20051109_57843_0400_PP,ok,
20051109_59751_0400_PP,ok,
20051109_59864_0400_PP,ok,
20051109_59969_0400_PP,ok,
20051109_60031_0400_PP,ok,
20051109_60136_0400_PP,ok,
20051110_33960_0400_PP,ok,
20051110_34013_0400_PP,ok,
20051110_34071_0400_PP,ok,
20051110_35239_0400_PP,ok,
20051110_35279_0400_PP,ok,
20051110_35332_0400_PP,ok,
20051110_35926_0400_PP,ok,
20051110_37992_0400_PP,ok,
20051110_38111_0400_PP,ok,
20051110_38156_0400_PP,ok,
20051110_38194_0400_PP,ok,
20051110_38239_0400_PP,ok,
20051110_38280_0400_PP,ok,
20051110_38313_0400_PP,ok,
20051110_38352_0400_PP,ok,
20051110_38472_0400_PP,ok,
20051110_38507_0400_PP,ok,
20051116_43388_0400_PP,ok,
20051116_43585_0400_PP,ok,
20051116_43710_0400_PP,ok,
20051116_43721_0400_PP,ok,
20051116_43785_0400_PP,ok,
20051116_43801_0400_PP,ok,
20051116_43954_0400_PP,ok,
20051116_43995_0400_PP,ok,
20051116_44615_0400_PP,ok,
20051116_44648_0400_PP,ok,
20051116_44718_0400_PP,ok,
20051116_44750_0400_PP,ok,
20051116_44804_0400_PP,ok,
20051116_44816_0400_PP,ok,
20051116_54429_0400_PP,ok,
20051116_54454_0400_PP,ok,
20051116_54484_0400_PP,ok,
20051116_54587_0400_PP,ok,
20051116_54642_0400_PP,ok,
20051116_54663_0400_PP,ok,
20051116_54692_0400_PP,ok,
20051116_54825_0400_PP,ok,
20051116_54832_0400_PP,ok,
20051116_54839_0400_PP,ok,
20051116_55649_0400_PP,ok,
20051116_55656_0400_PP,ok,
20051116_58804_0400_PP,ok,
20051116_58816_0400_PP,ok,
20051116_58828_0400_PP,ok,
20051116_58835_0400_PP,ok,
20051116_58864_0400_PP,ok,
20051116_58872_0400_PP,ok,
20051116_59150_0400_PP,ok,
20051116_59168_0400_PP,ok,
20051117_37042_0400_PP,ok,
20051117_37051_0400_PP,ok,
20051117_37078_0400_PP,ok,
20051117_37100_0400_PP,ok,
20051117_37130_0400_PP,ok,
20051117_37155_0400_PP,ok,
20051117_37185_0400_PP,ok,
20051117_37213_0400_PP,ok,
20051117_37321_0400_PP,ok,
20051130_53586_0400_PP,ok,
20051130_53623_0400_PP,ok,
20051130_53663_0400_PP,ok,
20051130_53991_0400_PP,ok,
20051130_54030_0400_PP,ok,
20051130_54077_0400_PP,ok,
20051130_54121_0400_PP,ok,
20051130_54257_0400_PP,ok,
20051130_54301_0400_PP,ok,
20051130_54323_0400_PP,ok,
20051130_54333_0400_PP,ok,
20051130_54476_0400_PP,ok,
20051130_54498_0400_PP,ok,
20051130_54595_0400_PP,ok,
20051130_54616_0400_PP,ok,
20051130_54802_0400_PP,ok,
20051130_54846_0400_PP,ok,
20051130_54943_0400_PP,ok,
20051130_54956_0400_PP,ok,
20051130_55004_0400_PP,ok,
20051130_55012_0400_PP,ok,
20051130_55037_0400_PP,ok,
20051130_55048_0400_PP,ok,
20051130_55074_0400_PP,ok,
20051130_55086_0400_PP,ok,
20051130_55107_0400_PP,ok,
20051130_55124_0400_PP,ok,
20051130_55160_0400_PP,ok,
20051130_55269_0400_PP,ok,
20051130_55311_0400_PP,ok,
20051130_55323_0400_PP,ok,
20051130_55381_0400_PP,ok,
20051130_55393_0400_PP,ok,
20051130_58716_0400_PP,ok,
20051130_58824_0400_PP,ok,
20051130_58874_0400_PP,ok,
20051130_58888_0400_PP,ok,
20051130_58921_0400_PP,ok,
20051130_58962_0400_PP,ok,
20051130_58998_0400_PP,ok,
20051130_59029_0400_PP,ok,
20051130_59186_0400_PP,ok,
20051130_59284_0400_PP,ok,
20051130_59374_0400_PP,ok,
20051130_59404_0400_PP,ok,
20051130_59457_0400_PP,ok,
20051130_59464_0400_PP,ok,
20051130_59749_0400_PP,ok,
20051130_59775_0400_PP,ok,
20051130_59793_0400_PP,ok,
20051130_59802_0400_PP,ok,
20051130_59850_0400_PP,ok,
20051130_59869_0400_PP,ok,
20051130_59916_0400_PP,ok,
20051130_59930_0400_PP,ok,
20051130_59964_0400_PP,ok,
20051130_59993_0400_PP,ok,
20051130_60040_0400_PP,ok,
20051130_60066_0400_PP,ok,
20051130_60186_0400_PP,ok,
20051130_60234_0400_PP,ok,
20051130_60448_0400_PP,ok,
20051130_60490_0400_PP,ok,
20051130_60532_0400_PP,ok,
20051130_60562_0400_PP,ok,
20051130_60601_0400_PP,ok,
20051130_60630_0400_PP,ok,
20051130_60691_0400_PP,ok,
20051130_60715_0400_PP,ok,
20051130_60740_0400_PP,ok,
20051130_60760_0400_PP,ok,
20051130_60794_0400_PP,ok,
20051130_60822_0400_PP,ok,
20051201_37312_0400_PP,ok,
20051201_37337_0400_PP,ok,
20051201_37382_0400_PP,ok,
20051201_37390_0400_PP,ok,
20051201_37409_0400_PP,ok,
20051201_37462_0400_PP,ok,
20051201_37534_0400_PP,ok,
20051201_37557_0400_PP,ok,
20051201_38041_0400_PP,ok,
20051201_38081_0400_PP,ok,
20051201_38103_0400_PP,ok,
20051201_38137_0400_PP,ok,
20051201_38155_0400_PP,ok,
20051201_38164_0400_PP,ok,
20051201_38199_0400_PP,ok,
20051201_38211_0400_PP,ok,
20051201_38246_0400_PP,ok,
20051201_38262_0400_PP,ok,
20051201_38280_0400_PP,ok,
20051201_38291_0400_PP,ok,
20051201_38321_0400_PP,ok,
20051201_38349_0400_PP,ok,
20051201_38466_0400_PP,ok,
20051201_38475_0400_PP,ok,
20051201_38537_0400_PP,ok,
20051202_36970_0400_PP,ok,
20051202_37162_0400_PP,ok,
20051202_37199_0400_PP,ok,
20051202_39630_0400_PP,ok,
20051202_39708_0400_PP,ok,
20051202_41260_0400_PP,ok,
20051202_48232_0400_PP,ok,
20051202_48393_0400_PP,ok,
20051202_48421_0400_PP,ok,
20051202_51518_0400_PP,ok,
20051202_51574_0400_PP,ok,
20051202_51599_0400_PP,ok,
20051202_51616_0400_PP,ok,
20051202_54197_0400_PP,ok,
20051202_54208_0400_PP,ok,
20051202_54547_0400_PP,ok,
20051202_54555_0400_PP,ok,
20051202_54611_0400_PP,ok,
20051202_54744_0400_PP,ok,
20051202_55484_0400_PP,ok,
20051202_55498_0400_PP,ok,
20051202_55562_0400_PP,ok,
20051202_55582_0400_PP,ok,
20051202_55607_0400_PP,ok,
20051202_55626_0400_PP,ok,
20051202_55650_0400_PP,ok,
20051202_55669_0400_PP,ok,
20051202_55735_0400_PP,ok,
20051202_55742_0400_PP,ok,
20051202_55797_0400_PP,ok,
20051202_55816_0400_PP,ok,
20051202_55834_0400_PP,ok,
20051202_55846_0400_PP,ok,
20051202_55921_0400_PP,ok,
20051202_55944_0400_PP,ok,
20051202_56000_0400_PP,ok,
20051202_56012_0400_PP,ok,
20051202_56028_0400_PP,ok,
20051202_56050_0400_PP,ok,
20051205_31949_0400_PP,ok,
20051205_31994_0400_PP,ok,
20051205_33006_0400_PP,ok,
20051205_33012_0400_PP,ok,
20051205_35142_0400_PP,ok,
20051205_35162_0400_PP,ok,
20051205_35276_0400_PP,ok,
20051205_35305_0400_PP,ok,
20051205_35408_0400_PP,ok,
20051205_35417_0400_PP,ok,
20051205_57651_0400_PP,ok,
20051205_57704_0400_PP,ok,
20051205_57757_0400_PP,ok,
20051205_57780_0400_PP,ok,
20051205_57799_0400_PP,ok,
20051205_57809_0400_PP,ok,
20051205_57838_0400_PP,ok,
20051205_57879_0400_PP,ok,
20051205_57942_0400_PP,ok,
20051205_57988_0400_PP,ok,
20051205_58037_0400_PP,ok,
20051205_58060_0400_PP,ok,
20051205_58080_0400_PP,ok,
20051205_58091_0400_PP,ok,
20051205_58109_0400_PP,ok,
20051205_58125_0400_PP,ok,
20051205_58150_0400_PP,ok,
20051205_58177_0400_PP,ok,
20051205_58354_0400_PP,ok,
20051205_58373_0400_PP,ok,
20051205_58409_0400_PP,ok,
20051205_58431_0400_PP,ok,
20051205_58458_0400_PP,ok,
20051205_58502_0400_PP,ok,
20051205_58577_0400_PP,ok,
20051205_58613_0400_PP,ok,
20051205_59240_0400_PP,ok,
20051205_59300_0400_PP,ok,
20051205_59337_0400_PP,ok,
20051205_59351_0400_PP,ok,
20051205_59367_0400_PP,ok,
20051205_59379_0400_PP,ok,
20051205_59510_0400_PP,ok,
20051205_59538_0400_PP,ok,
20051205_59617_0400_PP,ok,
20051205_59651_0400_PP,ok,
20051205_59702_0400_PP,ok,
20051205_59715_0400_PP,ok,
20051205_59738_0400_PP,ok,
20051205_59754_0400_PP,ok,
20051205_59833_0400_PP,ok,
20051205_59858_0400_PP,ok,
20051205_59901_0400_PP,ok,
20051205_59923_0400_PP,ok,
20051205_60093_0400_PP,ok,
20051205_60119_0400_PP,ok,
20051207_54614_0400_PP,ok,
20051207_55266_0400_PP,ok,
20051207_56219_0400_PP,ok,
20051207_56227_0400_PP,ok,
20051207_62252_0400_PP,ok,
20051207_62275_0400_PP,ok,
20051207_62320_0400_PP,ok,
20051208_39297_0400_PP,ok,
20051208_39438_0400_PP,ok,
20051208_39462_0400_PP,ok,
20051208_39524_0400_PP,ok,
20051208_39532_0400_PP,ok,
20051208_39546_0400_PP,ok,
20051208_41318_0400_PP,ok,
20051208_41373_0400_PP,ok,
20051208_42314_0400_PP,ok,
20051208_42322_0400_PP,ok,
20051208_42546_0400_PP,ok,
20051212_36525_0400_PP,ok,
20051212_36548_0400_PP,ok,
20051212_36640_0400_PP,ok,
20051212_37442_0400_PP,ok,
20051212_38000_0400_PP,ok,
20051212_38043_0400_PP,ok,
20051212_38076_0400_PP,ok,
20051212_38106_0400_PP,ok,
20051212_41144_0400_PP,ok,
20051212_41169_0400_PP,ok,
20051213_61406_0100_PP,ok,
20051213_61802_0100_PP,ok,
20051213_61892_0100_PP,ok,
20051213_61951_0100_PP,ok,
20051213_62046_0100_PP,ok,
20051213_62188_0100_PP,ok,
20051213_62251_0100_PP,ok,
20051213_62314_0100_PP,ok,
20051213_62383_0100_PP,ok,
20051213_62437_0100_PP,ok,
20051213_62518_0100_PP,ok,
20051213_62572_0100_PP,ok,
20051213_62648_0100_PP,ok,
20051213_62705_0100_PP,ok,
20051214_40361_0100_PP,ok,
20051214_40456_0100_PP,ok,
20051214_40529_0100_PP,ok,
20051214_40596_0100_PP,ok,
20051214_40719_0100_PP,ok,
20051214_40767_0100_PP,ok,
20051214_40849_0100_PP,ok,
20051214_40912_0100_PP,ok,
20051214_40994_0100_PP,ok,
20051214_41055_0100_PP,ok,
20051214_41289_0100_PP,ok,
20051214_41358_0100_PP,ok,
20051214_41429_0100_PP,ok,
20051214_41490_0100_PP,ok,
20051214_41582_0100_PP,ok,
20051214_41949_0100_PP,ok,
20051214_42133_0100_PP,ok,
20051214_42197_0100_PP,ok,
20051214_42323_0100_PP,ok,
20051214_42363_0100_PP,ok,
20051214_50895_0100_PP,ok,
20051214_50933_0100_PP,ok,
20051214_51039_0100_PP,ok,
20051214_51071_0100_PP,ok,
20051214_51178_0100_PP,ok,
20051214_51211_0100_PP,ok,
20051214_51308_0100_PP,ok,
20051214_51342_0100_PP,ok,
20051214_51442_0100_PP,ok,
20051214_51469_0100_PP,ok,
20051214_51569_0100_PP,ok,
20051214_51609_0100_PP,ok,
20051214_51701_0100_PP,ok,
20051214_51733_0100_PP,ok,
20051214_51811_0100_PP,ok,
20051214_51840_0100_PP,ok,
20051214_51921_0100_PP,ok,
20051214_51953_0100_PP,ok,
20051214_52204_0100_PP,ok,
20051214_52242_0100_PP,ok,
20051214_52695_0100_PP,ok,
20051214_52707_0100_PP,ok,
20051214_56242_0100_PP,ok,
20051214_56269_0100_PP,ok,
20051214_56392_0100_PP,ok,
20051214_56438_0100_PP,ok,
20051214_56534_0100_PP,ok,
20051214_56565_0100_PP,ok,
20051214_56636_0100_PP,ok,
20051214_56688_0100_PP,ok,
20051214_56778_0100_PP,ok,
20051214_56821_0100_PP,ok,
20051214_56944_0100_PP,ok,
20051214_56971_0100_PP,ok,
20051214_57125_0100_PP,ok,
20051214_57154_0100_PP,ok,
20051214_57230_0100_PP,ok,
20051214_57260_0100_PP,ok,
20051214_57377_0100_PP,ok,
20051214_57404_0100_PP,ok,
20051214_57761_0100_PP,ok,
20051214_57817_0100_PP,ok,
20051216_43814_0200_PP,ok,
20051216_43913_0200_PP,ok,
20051216_44066_0200_PP,ok,
20051216_44092_0200_PP,ok,
20051216_44221_0200_PP,ok,
20051216_44252_0200_PP,ok,
20051216_44398_0200_PP,ok,
20051216_44420_0200_PP,ok,
20051216_44635_0200_PP,ok,
20051216_44660_0200_PP,ok,
20051216_44811_0200_PP,ok,
20051216_44832_0200_PP,ok,
20051216_44939_0200_PP,ok,
20051216_44961_0200_PP,ok,
20051216_45076_0200_PP,ok,
20051216_45100_0200_PP,ok,
20051216_45226_0200_PP,ok,
20051216_45245_0200_PP,ok,
20051216_45351_0200_PP,ok,
20051216_45375_0200_PP,ok,
20051216_45478_0200_PP,ok,
20051216_45499_0200_PP,ok,
20051216_45595_0200_PP,ok,
20051216_45619_0200_PP,ok,
20051216_45757_0200_PP,ok,
20051216_45781_0200_PP,ok,
20051216_45873_0200_PP,ok,
20051216_45899_0200_PP,ok,
20051216_45992_0200_PP,ok,
20051216_46018_0200_PP,ok,
20051216_46156_0200_PP,ok,
20051216_46183_0200_PP,ok,
20051216_46624_0200_PP,ok,
20051216_46660_0200_PP,ok,
20051216_46827_0200_PP,ok,
20051216_46847_0200_PP,ok,
20051216_47000_0200_PP,ok,
20051216_47024_0200_PP,ok,
20051216_47383_0200_PP,ok,
20051216_47420_0200_PP,ok,
20051216_47514_0200_PP,ok,
20051216_47536_0200_PP,ok,
20051216_47668_0200_PP,ok,
20051216_47703_0200_PP,ok,
20060407_38711_0200_PP,ok,
20060407_38970_0200_PP,ok,
20060407_39155_0200_PP,ok,
20060407_39184_0200_PP,ok,
20060407_39306_0200_PP,ok,
20060407_39328_0200_PP,ok,
20060407_39402_0200_PP,ok,
20060407_39435_0200_PP,ok,
20060407_39546_0200_PP,ok,
20060407_39567_0200_PP,ok,
20060407_39667_0200_PP,ok,
20060407_39687_0200_PP,ok,
20060407_39761_0200_PP,ok,
20060407_39780_0200_PP,ok,
20060407_40582_0200_PP,ok,
20060407_40624_0200_PP,ok,
20060407_40740_0200_PP,ok,
20060407_40761_0200_PP,ok,
20060407_40937_0200_PP,ok,
20060407_40957_0200_PP,ok,
20060407_41149_0200_PP,ok,
20060407_41177_0200_PP,ok,
20060407_41312_0200_PP,ok,
20060407_41330_0200_PP,ok,
20060407_41809_0200_PP,ok,
20060407_41831_0200_PP,ok,
20060407_41937_0200_PP,ok,
20060407_41980_0200_PP,ok,
20060407_42099_0200_PP,ok,
20060407_42133_0200_PP,ok,
20060407_42290_0200_PP,ok,
20060407_42308_0200_PP,ok,
20060407_43223_0200_PP,ok,
20060407_43258_0200_PP,ok,
20060407_43436_0200_PP,ok,
20060407_43460_0200_PP,ok,
20060407_43594_0200_PP,ok,
20060407_43618_0200_PP,ok,
20060407_43726_0200_PP,ok,
20060407_43746_0200_PP,ok,
20060407_43834_0200_PP,ok,
20060407_43856_0200_PP,ok,
20060407_44042_0200_PP,ok,
20060407_44061_0200_PP,ok,
20060407_44173_0200_PP,ok,
20060407_44192_0200_PP,ok,
20060407_44285_0200_PP,ok,
20060407_44304_0200_PP,ok,
20060407_44400_0200_PP,ok,
20060407_44422_0200_PP,ok,
20060407_44510_0200_PP,ok,
20060407_44529_0200_PP,ok,
20060407_44617_0200_PP,ok,
20060407_44636_0200_PP,ok,
20060407_44743_0200_PP,ok,
20060407_44766_0200_PP,ok,
20060407_44866_0200_PP,ok,
20060407_44889_0200_PP,ok,
20060407_45087_0200_PP,ok,
20060407_45107_0200_PP,ok,
20060407_45230_0200_PP,ok,
20060407_45247_0200_PP,ok,
20060407_45362_0200_PP,ok,
20060407_45379_0200_PP,ok,
20060407_45477_0200_PP,ok,
20060407_45494_0200_PP,ok,
20060407_45592_0200_PP,ok,
20060407_45611_0200_PP,ok,
20060407_45718_0200_PP,ok,
20060407_45737_0200_PP,ok,
20060407_45834_0200_PP,ok,
20060407_45852_0200_PP,ok,
20060407_45932_0200_PP,ok,
20060407_45949_0200_PP,ok,
20060407_46050_0200_PP,ok,
20060407_46070_0200_PP,ok,
20060407_46235_0200_PP,ok,
20060407_46257_0200_PP,ok,
20060407_46394_0200_PP,ok,
20060407_46422_0200_PP,ok,
20060410_39047_0200_PP,ok,
20060410_39075_0200_PP,ok,
20060410_39203_0200_PP,ok,
20060410_39229_0200_PP,ok,
20060410_39334_0200_PP,ok,
20060410_39355_0200_PP,ok,
20060410_39476_0200_PP,ok,
20060410_39500_0200_PP,ok,
20060410_39586_0200_PP,ok,
20060410_39606_0200_PP,ok,
20060410_39695_0200_PP,ok,
20060410_39726_0200_PP,ok,
20060410_39859_0200_PP,ok,
20060410_39879_0200_PP,ok,
20060410_39976_0200_PP,ok,
20060410_39994_0200_PP,ok,
20060410_40146_0200_PP,ok,
20060410_40165_0200_PP,ok,
20060410_40254_0200_PP,ok,
20060410_40274_0200_PP,ok,
20060410_40381_0200_PP,ok,
20060410_40403_0200_PP,ok,
20060410_40481_0200_PP,ok,
20060410_40499_0200_PP,ok,
20060410_40605_0200_PP,ok,
20060410_40633_0200_PP,ok,
20060410_40830_0200_PP,ok,
20060410_40846_0200_PP,ok,
20060410_40953_0200_PP,ok,
20060410_40979_0200_PP,ok,
20060410_41077_0200_PP,ok,
20060410_41098_0200_PP,ok,
20060410_41191_0200_PP,ok,
20060410_41209_0200_PP,ok,
20060410_41330_0200_PP,ok,
20060410_41356_0200_PP,ok,
20060410_41603_0200_PP,ok,
20060410_41626_0200_PP,ok,
20060410_41747_0200_PP,ok,
20060410_41767_0200_PP,ok,
20060410_41880_0200_PP,ok,
20060410_41901_0200_PP,ok,
20060410_43675_0200_PP,ok,
20060410_43698_0200_PP,ok,
20060410_43847_0200_PP,ok,
20060410_43868_0200_PP,ok,
20060410_43959_0200_PP,ok,
20060410_43979_0200_PP,ok,
20060410_44106_0200_PP,ok,
20060410_44124_0200_PP,ok,
20060410_44224_0200_PP,ok,
20060410_44248_0200_PP,ok,
20060410_44345_0200_PP,ok,
20060410_44364_0200_PP,ok,
20060410_44464_0200_PP,ok,
20060410_44504_0200_PP,ok,
20060410_44601_0200_PP,ok,
20060410_44623_0200_PP,ok,
20060410_44770_0200_PP,ok,
20060410_44802_0200_PP,ok,
20060410_44934_0200_PP,ok,
20060410_44953_0200_PP,ok,
20060410_45167_0200_PP,ok,
20060410_45188_0200_PP,ok,
20060410_46874_0200_PP,ok,
20060410_46893_0200_PP,ok,
20060410_47016_0200_PP,ok,
20060410_47042_0200_PP,ok,
20060410_47166_0200_PP,ok,
20060410_47186_0200_PP,ok,
20060410_47331_0200_PP,ok,
20060410_47351_0200_PP,ok,
20060411_51958_0200_PP,ok,
20060411_51985_0200_PP,ok,
20060411_57853_0200_PP,ok,
20060411_57879_0200_PP,ok,
20060411_57962_0200_PP,ok,
20060411_57986_0200_PP,ok,
20060411_58051_0200_PP,ok,
20060411_58071_0200_PP,ok,
20060411_58134_0200_PP,ok,
20060411_58155_0200_PP,ok,
20060411_58221_0200_PP,ok,
20060411_58238_0200_PP,ok,
20060411_58303_0200_PP,ok,
20060411_58328_0200_PP,ok,
20060411_58392_0200_PP,ok,
20060411_58413_0200_PP,ok,
20060411_58469_0200_PP,ok,
20060411_58494_0200_PP,ok,
20060411_58571_0200_PP,ok,
20060411_58624_0200_PP,ok,
20060411_58644_0200_PP,ok,
20060411_58718_0200_PP,ok,
20060411_58736_0200_PP,ok,
20060411_58808_0200_PP,ok,
20060411_58829_0200_PP,ok,
20060411_58891_0200_PP,ok,
20060411_58913_0200_PP,ok,
20060411_58971_0200_PP,ok,
20060411_58993_0200_PP,ok,
20060411_59062_0200_PP,ok,
20060411_59087_0200_PP,ok,
20060411_59176_0200_PP,ok,
20060411_59190_0200_PP,ok,
20060411_59549_0200_PP,ok,
20060411_59587_0200_PP,ok,
20060411_59638_0200_PP,ok,
20060411_59657_0200_PP,ok,
20060411_59728_0200_PP,ok,
20060411_59747_0200_PP,ok,
20060411_59812_0200_PP,ok,
20060411_59859_0200_PP,ok,
20060411_59919_0200_PP,ok,
20060411_59941_0200_PP,ok,
20060411_60009_0200_PP,ok,
20060411_60028_0200_PP,ok,
20060411_60263_0200_PP,ok,
20060411_60283_0200_PP,ok,
20060411_60347_0200_PP,ok,
20060411_60368_0200_PP,ok,
20060411_60426_0200_PP,ok,
20060411_60446_0200_PP,ok,
20060411_60511_0200_PP,ok,
20060411_60533_0200_PP,ok,
20060411_61029_0200_PP,ok,
20060411_61060_0200_PP,ok,
20060411_61196_0200_PP,ok,
20060411_61214_0200_PP,ok,
20060411_61402_0200_PP,ok,
20060411_61419_0200_PP,ok,
20060411_61478_0200_PP,ok,
20060411_61494_0200_PP,ok,
20060411_61548_0200_PP,ok,
20060411_61564_0200_PP,ok,
20060411_61624_0200_PP,ok,
20060411_61641_0200_PP,ok,
20060411_61687_0200_PP,ok,
20060411_61702_0200_PP,ok,
20060411_61781_0200_PP,ok,
20060411_61808_0200_PP,ok,
20060411_61869_0200_PP,ok,
20060411_61901_0200_PP,ok,
20060411_61952_0200_PP,ok,
20060411_61979_0200_PP,ok,
20060411_62036_0200_PP,ok,
20060411_62058_0200_PP,ok,
20060411_62142_0200_PP,ok,
20060411_62162_0200_PP,ok,
20060411_62228_0200_PP,ok,
20060411_62250_0200_PP,ok,
20060411_62298_0200_PP,ok,
20060411_62319_0200_PP,ok,
20060411_62373_0200_PP,ok,
20060411_62390_0200_PP,ok,
20060412_51656_0200_PP,ok,
20060412_51677_0200_PP,ok,
20060412_51746_0200_PP,ok,
20060412_51775_0200_PP,ok,
20060412_51835_0200_PP,ok,
20060412_51860_0200_PP,ok,
20060412_51932_0200_PP,ok,
20060412_51952_0200_PP,ok,
20060412_52020_0200_PP,ok,
20060412_52038_0200_PP,ok,
20060412_52098_0200_PP,ok,
20060412_52122_0200_PP,ok,
20060412_52174_0200_PP,ok,
20060412_52194_0200_PP,ok,
20060412_52245_0200_PP,ok,
20060412_52271_0200_PP,ok,
20060412_52351_0200_PP,ok,
20060412_52371_0200_PP,ok,
20060412_52425_0200_PP,ok,
20060412_52446_0200_PP,ok,
20060412_52497_0200_PP,ok,
20060412_52520_0200_PP,ok,
20060412_52587_0200_PP,ok,
20060412_52606_0200_PP,ok,
20060412_52668_0200_PP,ok,
20060412_52685_0200_PP,ok,
20060412_52758_0200_PP,ok,
20060412_52777_0200_PP,ok,
20060412_52840_0200_PP,ok,
20060412_52860_0200_PP,ok,
20060412_52910_0200_PP,ok,
20060412_52931_0200_PP,ok,
20060412_52978_0200_PP,ok,
20060412_52997_0200_PP,ok,
20060412_57650_0200_PP,ok,
20060412_57680_0200_PP,ok,
20060412_57846_0200_PP,ok,
20060412_57874_0200_PP,ok,
20060412_57952_0200_PP,ok,
20060412_57974_0200_PP,ok,
20060412_58032_0200_PP,ok,
20060412_58054_0200_PP,ok,
20060412_58137_0200_PP,ok,
20060412_58171_0200_PP,ok,
20060412_58287_0200_PP,ok,
20060412_58314_0200_PP,ok,
20060412_58368_0200_PP,ok,
20060412_58387_0200_PP,ok,
20060412_58471_0200_PP,ok,
20060412_58497_0200_PP,ok,
20060412_58548_0200_PP,ok,
20060412_58563_0200_PP,ok,
20060412_58638_0200_PP,ok,
20060412_58668_0200_PP,ok,
20060412_58723_0200_PP,ok,
20060412_58747_0200_PP,ok,
20060412_58802_0200_PP,ok,
20060412_58819_0200_PP,ok,
20060412_58869_0200_PP,ok,
20060412_58889_0200_PP,ok,
20060412_58945_0200_PP,ok,
20060412_58965_0200_PP,ok,
20060412_59012_0200_PP,ok,
20060412_59037_0200_PP,ok,
20060412_59100_0200_PP,ok,
20060412_59124_0200_PP,ok,
20060412_59175_0200_PP,ok,
20060412_59196_0200_PP,ok,
20060412_59242_0200_PP,ok,
20060412_59259_0200_PP,ok,
20060412_59338_0200_PP,ok,
20060412_59355_0200_PP,ok,
20060412_59400_0200_PP,ok,
20060412_59423_0200_PP,ok,
20060412_59636_0200_PP,ok,
20060412_59658_0200_PP,ok,
20060412_59717_0200_PP,ok,
20060412_59735_0200_PP,ok,
20060412_60337_0200_PP,ok,
20060412_60396_0200_PP,ok,
20060412_60454_0200_PP,ok,
20060412_60475_0200_PP,ok,
20060412_60545_0200_PP,ok,
20060412_60573_0200_PP,ok,
20060412_60751_0200_PP,ok,
20060412_60773_0200_PP,ok,
20060412_60825_0200_PP,ok,
20060412_60845_0200_PP,ok,
20060412_60895_0200_PP,ok,
20060412_60913_0200_PP,ok,
20060412_60978_0200_PP,ok,
20060412_61000_0200_PP,ok,
20060412_61064_0200_PP,ok,
20060412_61081_0200_PP,ok,
20060412_61151_0200_PP,ok,
20060412_61169_0200_PP,ok,
20060412_61222_0200_PP,ok,
20060412_61251_0200_PP,ok,
20060412_61299_0200_PP,ok,
20060412_61316_0200_PP,ok,
20060412_61365_0200_PP,ok,
20060412_61383_0200_PP,ok,
20060412_61433_0200_PP,ok,
20060412_61450_0200_PP,ok,
20060412_61501_0200_PP,ok,
20060412_61525_0200_PP,ok,
20060412_61593_0200_PP,ok,
20060412_61615_0200_PP,ok,
20060412_61665_0200_PP,ok,
20060412_61681_0200_PP,ok,
20060412_61790_0200_PP,ok,
20060412_61808_0200_PP,ok,
20060412_62936_0200_PP,ok,
20060412_62960_0200_PP,ok,
20060412_63009_0200_PP,ok,
20060412_63032_0200_PP,ok,
20060412_63088_0200_PP,ok,
20060412_63104_0200_PP,ok,
20060522_43758_0100_PP,ok,
20060522_45069_0100_PP,ok,
20060522_45212_0100_PP,ok,
20060522_45248_0100_PP,ok,
20060522_45402_0100_PP,ok,
20060522_45455_0100_PP,ok,
20060522_45541_0100_PP,ok,
20060522_45583_0100_PP,ok,
20060522_45691_0100_PP,ok,
20060522_45718_0100_PP,ok,
20060522_45777_0100_PP,ok,
20060522_45796_0100_PP,ok,
20060522_45853_0100_PP,ok,
20060522_45873_0100_PP,ok,
20060522_45935_0100_PP,ok,
20060522_45967_0100_PP,ok,
20060522_46104_0100_PP,ok,
20060522_46149_0100_PP,ok,
20060522_46379_0100_PP,ok,
20060522_46400_0100_PP,ok,
20060522_46454_0100_PP,ok,
20060523_42953_0100_PP,ok,
20060523_43016_0100_PP,ok,
20060523_43038_0100_PP,ok,
20060523_43105_0100_PP,ok,
20060523_43123_0100_PP,ok,
20060523_43174_0100_PP,ok,
20060523_43196_0100_PP,ok,
20060523_43248_0100_PP,ok,
20060523_43267_0100_PP,ok,
20060523_43333_0100_PP,ok,
20060523_43354_0100_PP,ok,
20060523_45216_0100_PP,ok,
20060523_45235_0100_PP,ok,
20060523_45300_0100_PP,ok,
20060523_45316_0100_PP,ok,
20060523_45369_0100_PP,ok,
20060523_45389_0100_PP,ok,
20060523_45449_0100_PP,ok,
20060523_45467_0100_PP,ok,
20060523_45524_0100_PP,ok,
20060523_45548_0100_PP,ok,
20060523_45662_0100_PP,ok,
20060523_45697_0100_PP,ok,
20060523_45787_0100_PP,ok,
20060523_45812_0100_PP,ok,
20060523_47987_0100_PP,ok,
20060523_48005_0100_PP,ok,
20060523_48028_0100_PP,ok,
20060523_48102_0100_PP,ok,
20060523_48136_0100_PP,ok,
20060523_48161_0100_PP,ok,
20060523_48182_0100_PP,ok,
20060523_48199_0100_PP,ok,
20060523_48406_0100_PP,ok,
20060523_48425_0100_PP,ok,
20060523_48477_0100_PP,ok,
20060523_48499_0100_PP,ok,
20060523_48572_0100_PP,ok,
20060523_48591_0100_PP,ok,
20060523_48643_0100_PP,ok,
20060523_48659_0100_PP,ok,
20060523_48709_0100_PP,ok,
20060523_48728_0100_PP,ok,
20060523_48787_0100_PP,ok,
20060523_48816_0100_PP,ok,
20060523_48890_0100_PP,ok,
20060523_48931_0100_PP,ok,
20060523_48990_0100_PP,ok,
20060523_49010_0100_PP,ok,
20060523_49100_0100_PP,ok,
20060523_49120_0100_PP,ok,
20060523_49176_0100_PP,ok,
20060523_49191_0100_PP,ok,
20060523_49269_0100_PP,ok,
20060523_49288_0100_PP,ok,
20060523_49449_0100_PP,ok,
20060523_49515_0100_PP,ok,
20060523_49573_0100_PP,ok,
20060523_49591_0100_PP,ok,
20060523_49663_0100_PP,ok,
20060523_49681_0100_PP,ok,
20060523_49726_0100_PP,ok,
20060523_49745_0100_PP,ok,
20060523_49791_0100_PP,ok,
20060523_49809_0100_PP,ok,
20060523_49859_0100_PP,ok,
20060523_49875_0100_PP,ok,
20060523_49928_0100_PP,ok,
20060523_49942_0100_PP,ok,
20060523_50003_0100_PP,ok,
20060523_50019_0100_PP,ok,
20060523_50135_0100_PP,ok,
20060523_50153_0100_PP,ok,
20060523_50234_0100_PP,ok,
20060523_50262_0100_PP,ok,
20060523_50325_0100_PP,ok,
20060523_50342_0100_PP,ok,
20060523_50392_0100_PP,ok,
20060523_50408_0100_PP,ok,
20060523_50469_0100_PP,ok,
20060523_50489_0100_PP,ok,
20060523_50539_0100_PP,ok,
20060523_50556_0100_PP,ok,
20060523_50616_0100_PP,ok,
20060523_50631_0100_PP,ok,
20060523_50707_0100_PP,ok,
20060523_50730_0100_PP,ok,
20060523_50790_0100_PP,ok,
20060523_50806_0100_PP,ok,
20060529_56013_0100_PP,ok,
20060529_56039_0100_PP,ok,
20060529_56255_0100_PP,ok,
20060529_56338_0100_PP,ok,
20060529_56420_0100_PP,ok,
20060529_56442_0100_PP,ok,
20060529_56563_0100_PP,ok,
20060529_56592_0100_PP,ok,
20060529_56700_0100_PP,ok,
20060529_56730_0100_PP,ok,
20060529_56834_0100_PP,ok,
20060529_56853_0100_PP,ok,
20060529_56948_0100_PP,ok,
20060529_56968_0100_PP,ok,
20060529_57030_0100_PP,ok,
20060529_57063_0100_PP,ok,
20060529_57156_0100_PP,ok,
20060529_57174_0100_PP,ok,
20060529_57261_0100_PP,ok,
20060529_57287_0100_PP,ok,
20060529_57351_0100_PP,ok,
20060529_57372_0100_PP,ok,
20060529_57430_0100_PP,ok,
20060529_57447_0100_PP,ok,
20060530_36860_0100_PP,ok,
20060530_36895_0100_PP,ok,
20060530_51254_0100_PP,ok,
20060530_51279_0100_PP,ok,
20060530_51377_0100_PP,ok,
20060530_51399_0100_PP,ok,
20060530_53042_0100_PP,ok,
20060530_53062_0100_PP,ok,
20060530_53132_0100_PP,ok,
20060530_53152_0100_PP,ok,
20060530_53233_0100_PP,ok,
20060530_53271_0100_PP,ok,
20060530_53421_0100_PP,ok,
20060530_53455_0100_PP,ok,
20060530_53522_0100_PP,ok,
20060530_53540_0100_PP,ok,
20060530_53597_0100_PP,ok,
20060530_53617_0100_PP,ok,
20060530_53742_0100_PP,ok,
20060530_53761_0100_PP,ok,
20060530_53816_0100_PP,ok,
20060530_53836_0100_PP,ok,
20060530_53928_0100_PP,ok,
20060530_53954_0100_PP,ok,
20060530_54011_0100_PP,ok,
20060530_54030_0100_PP,ok,
20060530_54107_0100_PP,ok,
20060530_54117_0100_PP,ok,
20060530_54223_0100_PP,ok,
20060530_54242_0100_PP,ok,
20060530_54312_0100_PP,ok,
20060530_54332_0100_PP,ok,
20060530_54529_0100_PP,ok,
20060530_54556_0100_PP,ok,
20060530_54632_0100_PP,ok,
20060530_54653_0100_PP,ok,
20060530_55180_0100_PP,ok,
20060530_55203_0100_PP,ok,
20060530_55370_0100_PP,ok,
20060530_55390_0100_PP,ok,
20060530_55451_0100_PP,ok,
20060530_55468_0100_PP,ok,
20060530_55607_0100_PP,ok,
20060530_55628_0100_PP,ok,
20060530_55724_0100_PP,ok,
20060530_55746_0100_PP,ok,
20060530_55816_0100_PP,ok,
20060530_55837_0100_PP,ok,
IM000012,ok,
IM000013,ok,
IM000056,ok,
IM000057,ok,
IM000065,ok,
IM000066,ok,
IM000072,ok,
IM000073,ok,
IM000079,ok,
IM000080,ok,
IM000086,ok,
IM000087,ok,
IM000093,ok,
IM000094,ok,
IM000100,ok,
IM000101,ok,
IM000107,ok,
IM000108,ok,
IM000114,ok,
IM000115,ok,
IM000122,ok,
IM000123,ok,
IM000131,ok,
IM000132,ok,
IM000138,ok,
IM000139,ok,
IM000145,ok,
IM000146,ok,
IM000160,ok,
IM000161,ok,
IM000167,ok,
IM000168,ok,
IM000190,ok,
IM000191,ok,
IM000197,ok,
IM000198,ok,
IM000205,ok,
IM000206,ok,
IM000212,ok,
IM000213,ok,
IM000219,ok,
IM000220,ok,
IM000241,ok,
IM000242,ok,
IM000248,ok,
IM000249,ok,
IM000263,ok,
IM000264,ok,
IM000291,ok,
IM000292,ok,
IM000298,ok,
IM000299,ok,
IM000305,ok,
IM000306,ok,
IM000312,ok,
IM000313,ok,
IM000319,ok,
IM000320,ok,
IM000326,ok,
IM000327,ok,
IM000349,ok,
IM000350,ok,
IM000356,ok,
IM000357,ok,
IM000371,ok,
IM000372,ok,
IM000378,ok,
IM000379,ok,
IM000405,ok,
IM000406,ok,
IM000412,ok,
IM000413,ok,
IM000425,ok,
IM000426,ok,
IM000449,ok,
IM000450,ok,
IM000472,ok,
IM000473,ok,
IM000479,ok,
IM000480,ok,
IM000500,ok,
IM000501,ok,
IM000515,ok,
IM000516,ok,
IM000530,ok,
IM000531,ok,
IM000537,ok,
IM000538,ok,
IM000546,ok,
IM000547,ok,
IM000553,ok,
IM000554,ok,
IM000560,ok,
IM000561,ok,
IM000567,ok,
IM000568,ok,
IM000579,ok,
IM000580,ok,
IM000586,ok,
IM000587,ok,
IM000594,ok,
IM000595,ok,
IM000601,ok,
IM000602,ok,
IM000653,ok,
IM000654,ok,
IM000667,ok,
IM000668,ok,
IM000674,ok,
IM000675,ok,
IM000682,ok,
IM000683,ok,
IM000689,ok,
IM000690,ok,
IM000696,ok,
IM000697,ok,
IM000703,ok,
IM000704,ok,
IM000711,ok,
IM000712,ok,
IM000725,ok,
IM000726,ok,
IM000732,ok,
IM000733,ok,
IM000761,ok,
IM000762,ok,
IM000768,ok,
IM000769,ok,
IM000776,ok,
IM000777,ok,
IM000805,ok,
IM000806,ok,
IM000812,ok,
IM000813,ok,
IM000826,ok,
IM000827,ok,
IM000833,ok,
IM000834,ok,
IM000840,ok,
IM000848,ok,
IM000850,ok,
IM000851,ok,
IM000859,ok,
IM000860,ok,
IM000880,ok,
IM000881,ok,
IM000887,ok,
IM000888,ok,
IM000895,ok,
IM000896,ok,
IM000916,ok,
IM000917,ok,
IM000923,ok,
IM000924,ok,
IM000937,ok,
IM000938,ok,
IM000984,ok,
IM000985,ok,
IM000991,ok,
IM000992,ok,
IM000998,ok,
IM000999,ok,
IM001007,ok,
IM001008,ok,
IM001026,ok,
IM001027,ok,
IM001033,ok,
IM001034,ok,
IM001088,ok,
IM001089,ok,
IM001095,ok,
IM001096,ok,
IM001102,ok,
IM001103,ok,
IM001109,ok,
IM001110,ok,
IM001116,ok,
IM001117,ok,
IM001123,ok,
IM001124,ok,
IM001138,ok,
IM001139,ok,
IM001145,ok,
IM001146,ok,
IM001152,ok,
IM001153,ok,
IM001160,ok,
IM001161,ok,
IM001167,ok,
IM001168,ok,
IM001174,ok,
IM001175,ok,
IM001181,ok,
IM001185,ok,
IM001199,ok,
IM001200,ok,
IM001210,ok,
IM001211,ok,
IM001217,ok,
IM001218,ok,
IM001224,ok,
IM001227,ok,
IM001231,ok,
IM001232,ok,
IM001245,ok,
IM001246,ok,
IM001252,ok,
IM001253,ok,
IM001272,ok,
IM001273,ok,
IM001293,ok,
IM001294,ok,
IM001300,ok,
IM001301,ok,
IM001307,ok,
IM001308,ok,
IM001321,ok,
IM001322,ok,
IM001328,ok,
IM001329,ok,
IM001335,ok,
IM001336,ok,
IM001357,ok,
IM001358,ok,
IM001371,ok,
IM001372,ok,
IM001386,ok,
IM001387,ok,
IM001401,ok,
IM001402,ok,
IM001415,ok,
IM001416,ok,
IM001422,ok,
IM001423,ok,
IM001439,ok,
IM001440,ok,
IM001453,ok,
IM001454,ok,
IM001460,ok,
IM001461,ok,
IM001467,ok,
IM001468,ok,
IM001476,ok,
IM001477,ok,
IM001483,ok,
IM001484,ok,
IM001490,ok,
IM001492,ok,
IM001513,ok,
IM001514,ok,
IM001539,ok,
IM001540,ok,
IM001559,ok,
IM001560,ok,
IM001581,ok,
IM001582,ok,
IM001596,ok,
IM001597,ok,
IM001617,ok,
IM001618,ok,
IM001629,ok,
IM001630,ok,
IM001636,ok,
IM001637,ok,
IM001643,ok,
IM001644,ok,
IM001666,ok,
IM001667,ok,
IM001673,ok,
IM001674,ok,
IM001680,ok,
IM001681,ok,
IM001687,ok,
IM001688,ok,
IM001701,ok,
IM001702,ok,
IM001737,ok,
IM001738,ok,
IM001744,ok,
IM001745,ok,
IM001751,ok,
IM001752,ok,
IM001758,ok,
IM001759,ok,
IM001765,ok,
IM001766,ok,
IM001797,ok,
IM001798,ok,
IM001804,ok,
IM001805,ok,
IM001831,ok,
IM001832,ok,
IM001845,ok,
IM001846,ok,
IM001853,ok,
IM001854,ok,
IM001866,ok,
IM001867,ok,
IM001880,ok,
IM001881,ok,
IM001911,ok,
IM001912,ok,
IM001926,ok,
IM001927,ok,
IM001941,ok,
IM001942,ok,
IM001948,ok,
IM001950,ok,
IM001964,ok,
IM001965,ok,
IM001984,ok,
IM001985,ok,
IM002003,ok,
IM002004,ok,
IM002019,ok,
IM002020,ok,
IM002026,ok,
IM002027,ok,
IM002033,ok,
IM002034,ok,
IM002052,ok,
IM002053,ok,
IM002070,ok,
IM002071,ok,
IM002134,ok,
IM002135,ok,
IM002148,ok,
IM002149,ok,
IM002156,ok,
IM002157,ok,
IM002201,ok,
IM002202,ok,
IM002208,ok,
IM002209,ok,
IM002215,ok,
IM002216,ok,
IM002222,ok,
IM002223,ok,
IM002251,ok,
IM002252,ok,
IM002268,ok,
IM002269,ok,
IM002275,ok,
IM002276,ok,
IM002284,ok,
IM002285,ok,
IM002300,ok,
IM002301,ok,
IM002321,ok,
IM002322,ok,
IM002335,ok,
IM002336,ok,
IM002356,ok,
IM002357,ok,
IM002384,ok,
IM002399,ok,
IM002400,ok,
IM002414,ok,
IM002415,ok,
IM002441,ok,
IM002442,ok,
IM002448,ok,
IM002449,ok,
IM002455,ok,
IM002456,ok,
IM002465,ok,
IM002466,ok,
IM002472,ok,
IM002473,ok,
IM002481,ok,
IM002482,ok,
IM002486,ok,
IM002487,ok,
IM002493,ok,
IM002494,ok,
IM002500,ok,
IM002501,ok,
IM002508,ok,
IM002509,ok,
IM002515,ok,
IM002516,ok,
IM002522,ok,
IM002523,ok,
IM002529,ok,
IM002530,ok,
IM002543,ok,
IM002544,ok,
IM002577,ok,
IM002578,ok,
IM002584,ok,
IM002585,ok,
IM002614,ok,
IM002615,ok,
IM002621,ok,
IM002622,ok,
IM002635,ok,
IM002636,ok,
IM002642,ok,
IM002643,ok,
IM002649,ok,
IM002650,ok,
IM002658,ok,
IM002659,ok,
IM002665,ok,
IM002666,ok,
IM002695,ok,
IM002697,ok,
IM002703,ok,
IM002704,ok,
IM002718,ok,
IM002719,ok,
IM002725,ok,
IM002726,ok,
IM002732,ok,
IM002733,ok,
IM002765,ok,
IM002766,ok,
IM002781,ok,
IM002782,ok,
IM002802,ok,
IM002803,ok,
IM002821,ok,
IM002822,ok,
IM002828,ok,
IM002829,ok,
IM002845,ok,
IM002846,ok,
IM002852,ok,
IM002853,ok,
IM002860,ok,
IM002861,ok,
IM002894,ok,
IM002895,ok,
IM002901,ok,
IM002902,ok,
IM002908,ok,
IM002909,ok,
IM002921,ok,
IM002922,ok,
IM002938,ok,
IM002939,ok,
IM002945,ok,
IM002946,ok,
IM002952,ok,
IM002953,ok,
IM002973,ok,
IM002975,ok,
IM002982,ok,
IM002983,ok,
IM002990,ok,
IM002991,ok,
IM002997,ok,
IM002998,ok,
IM003011,ok,
IM003012,ok,
IM003019,ok,
IM003020,ok,
IM003034,ok,
IM003035,ok,
IM003057,ok,
IM003058,ok,
IM003070,ok,
IM003071,ok,
IM003108,ok,
IM003110,ok,
IM003124,ok,
IM003125,ok,
IM003146,ok,
IM003147,ok,
IM003160,ok,
IM003161,ok,
IM003175,ok,
IM003176,ok,
IM003207,ok,
IM003208,ok,
IM003214,ok,
IM003215,ok,
IM003221,ok,
IM003222,ok,
IM003229,ok,
IM003230,ok,
IM003243,ok,
IM003244,ok,
IM003264,ok,
IM003265,ok,
IM003286,ok,
IM003287,ok,
IM003323,ok,
IM003324,ok,
IM003330,ok,
IM003331,ok,
IM003337,ok,
IM003338,ok,
IM003359,ok,
IM003360,ok,
IM003381,ok,
IM003382,ok,
IM003390,ok,
IM003391,ok,
IM003405,ok,
IM003406,ok,
IM003412,ok,
IM003413,ok,
IM003423,ok,
IM003424,ok,
IM003430,ok,
IM003431,ok,
IM003453,ok,
IM003454,ok,
IM003467,ok,
IM003468,ok,
IM003474,ok,
IM003475,ok,
IM003481,ok,
IM003482,ok,
IM003519,ok,
IM003520,ok,
IM003563,ok,
IM003564,ok,
IM003570,ok,
IM003571,ok,
IM003577,ok,
IM003580,ok,
IM003595,ok,
IM003596,ok,
IM003602,ok,
IM003603,ok,
IM003625,ok,
IM003626,ok,
IM003632,ok,
IM003633,ok,
IM003640,ok,
IM003641,ok,
IM003687,ok,
IM003688,ok,
IM003694,ok,
IM003695,ok,
IM003719,ok,
IM003725,ok,
IM003726,ok,
IM003746,ok,
IM003747,ok,
IM003758,ok,
IM003759,ok,
IM003765,ok,
IM003766,ok,
IM003772,ok,
IM003773,ok,
IM003787,ok,
IM003788,ok,
IM003794,ok,
IM003795,ok,
IM003811,ok,
IM003812,ok,
IM003826,ok,
IM003827,ok,
IM003840,ok,
IM003841,ok,
IM003856,ok,
IM003857,ok,
IM003878,ok,
IM003879,ok,
IM003893,ok,
IM003894,ok,
IM003909,ok,
IM003910,ok,
IM003924,ok,
IM003925,ok,
IM003949,ok,
IM003950,ok,
IM003968,ok,
IM003969,ok,
IM003982,ok,
IM003983,ok,
IM003989,ok,
IM003990,ok,
IM004005,ok,
IM004006,ok,
IM004012,ok,
IM004013,ok,
IM004027,ok,
IM004028,ok,
IM004035,ok,
IM004036,ok,
IM004052,ok,
IM004053,ok,
IM004085,ok,
IM004086,ok,
IM004092,ok,
IM004093,ok,
IM004132,ok,
IM004133,ok,
IM004154,ok,
IM004155,ok,
IM004161,ok,
IM004162,ok,
IM004168,ok,
IM004169,ok,
IM004177,ok,
IM004183,ok,
IM004184,ok,
IM004191,ok,
IM004192,ok,
IM004207,ok,
IM004208,ok,
IM004226,ok,
IM004227,ok,
IM004240,ok,
IM004241,ok,
IM004251,ok,
IM004252,ok,
IM004261,ok,
IM004262,ok,
IM004269,ok,
IM004270,ok,
IM004276,ok,
IM004277,ok,
IM004290,ok,
IM004291,ok,
IM004297,ok,
IM004298,ok,
IM004305,ok,
IM004306,ok,
IM004312,ok,
IM004313,ok,
IM004342,ok,
IM004343,ok,
IM004346,ok,
IM004347,ok,
IM004391,ok,
IM004392,ok,
IM004398,ok,
IM004399,ok,
IM004406,ok,
IM004407,ok,
IM004423,ok,
IM004424,ok,
IM004439,ok,
IM004440,ok,
IM004461,ok,
IM004462,ok,
IM004470,ok,
IM004471,ok,
IM004493,ok,
IM004494,ok,
IM004507,ok,
IM004508,ok,
IM004528,ok,
IM004529,ok,
IM004537,ok,
IM004538,ok,
IM004553,ok,
IM004554,ok,
IM004569,ok,
IM004570,ok,
IM004599,ok,
IM004600,ok,
IM004606,ok,
IM004607,ok,
IM004620,ok,
IM004621,ok,
IM004638,ok,
IM004639,ok,
IM004645,ok,
IM004646,ok,
IM004653,ok,
IM004654,ok,
IM004668,ok,
IM004669,ok,
IM004685,ok,
IM004686,ok,
IM004737,ok,
IM004739,ok,
IM004747,ok,
IM004748,ok,
IM004764,ok,
IM004765,ok,
IM004782,ok,
IM004783,ok,
IM004797,ok,
IM004798,ok,
IM004805,ok,
IM004806,ok,
IM004811,ok,
IM004812,ok,
IM004831,ok,
IM004832,ok,
